FIPS,County,Basin,Production,Cumulative Production,Production Magnitude,1993,1994,1995,1996,1997,1998,1999,2000,2001,2002,2003,2004,2005,2006,2007,2008,2009,2010,2011,2012,2013,2014,2015,2016,2017,2018,2019
48001,Anderson,None,ERROR,"22,459,703",Large,1377971,1361731,1299698,1186513,1142332,1065956,981184,937606,834955,880463,939420,846877,720265,741329,673484,678626,638988,634647,617815,617815,638039,668451,629772,576532,555191,619334,594709
48003,Andrews,Permian,Peak,"822,946,757",Large,33584007,32632814,31581528,30843020,30527891,29164067,26889738,26364410,26203100,26872306,24272737,23348254,23970611,24443531,24170708,24360768,23615953,28908519,33372281,33372281,34579913,37678529,38018986,36995311,37473105,42411085,37291304
48005,Angelina,Haynesville,Decline,"444,442",Large,1716,1941,1482,47811,258120,53622,20036,14738,4605,10337,6668,5711,4090,4436,2826,2176,564,1921,759,759,0,0,124,0,0,0,0
48007,Aransas,None,Decline,"3,353,880",Large,389548,427770,290402,216256,208571,179142,126992,107241,112473,77044,80358,76659,75617,72660,82931,83362,67238,98878,108074,108074,85200,69695,67078,44239,43439,32275,22664
48009,Archer,None,Decline,"36,796,342",Large,2598238,2359832,2158359,2054593,1880506,1582733,1403845,1521512,1361792,1285778,1259674,1114134,1056238,1089918,1046166,1093841,1037546,1106725,1161467,1161467,1268397,1308308,1158706,1010364,925964,897058,893181
48011,Armstrong,None,None,0,Small,0,0,0,0,0,0,0,0,0,0,0,0,0,0,0,0,0,0,0,0,0,0,0,0,0,0,0
48013,Atascosa,Eagle Ford,Peak,"184,013,622",Large,858111,771292,737756,719889,697791,691075,660625,727687,687759,593871,686924,779337,731014,904875,617557,571358,561703,2870089,7522866,7522866,13517657,24364484,28072378,20930979,20788892,21688149,24736638
48015,Austin,None,Scatter,"10,215,628",Large,580919,464464,437971,433546,338850,277537,253452,272375,289417,329861,186318,157895,265346,220748,222423,295251,420547,647664,522574,522574,528003,555463,466309,404810,367444,397606,356261
48017,Bailey,None,None,0,Small,0,0,0,0,0,0,0,0,0,0,0,0,0,0,0,0,0,0,0,0,0,0,0,0,0,0,0
48019,Bandera,None,Scatter,"47,272",Small,0,0,3439,2657,1491,731,249,5849,2125,1804,2176,1495,1524,2607,1811,1737,1925,1907,1488,1488,867,1759,1645,1654,1780,1532,1532
48021,Bastrop,Eagle Ford,Scatter,"4,665,071",Large,331433,279211,249167,235657,211444,251121,155698,149438,133688,129797,117253,103919,94215,90200,181138,553596,303771,111385,93529,93529,133598,155319,140652,91261,70818,106879,97355
48023,Baylor,None,Decline,"3,881,380",Large,247127,278012,254175,239532,216861,178948,142347,162406,148715,134518,129736,125150,112704,106122,105338,106643,95820,95522,108224,108224,128746,157660,127349,112638,100491,85917,72455
48025,Bee,Eagle Ford,Decline,"10,306,576",Large,530991,492404,471071,475007,436990,469130,553291,531567,456523,419088,402138,364992,321115,315345,299603,342299,387176,384906,342523,342523,326544,335145,312936,265549,253947,240992,232781
48027,Bell,None,None,0,Small,0,0,0,0,0,0,0,0,0,0,0,0,0,0,0,0,0,0,0,0,0,0,0,0,0,0,0
48029,Bexar,None,Decline,"4,094,856",Large,363150,300696,254093,249171,232508,196340,161076,165504,150297,127276,120890,134799,125035,125558,119787,118509,119866,109640,119301,119301,125419,118920,106005,92931,83225,78652,76907
48031,Blanco,None,None,0,Small,0,0,0,0,0,0,0,0,0,0,0,0,0,0,0,0,0,0,0,0,0,0,0,0,0,0,0
48033,Borden,Permian,Growth,"115,054,732",Large,4707082,4560649,4540725,4616270,4826590,5072128,4630482,4666189,4605119,4685249,4557779,4542864,4396066,3871906,3676903,3662527,3526909,3524805,3584729,3584729,3780489,3624862,3039497,2984022,3107942,4814348,7863872
48035,Bosque,None,None,0,Small,0,0,0,0,0,0,0,0,0,0,0,0,0,0,0,0,0,0,0,0,0,0,0,0,0,0,0
48037,Bowie,None,Decline,"3,353,147",Large,297395,278987,242862,281993,301057,265028,234877,202062,165654,156645,121717,100305,98663,77223,55556,44086,51422,46349,47126,47126,46872,45060,39369,30485,26994,25276,22958
48039,Brazoria,None,Peak,"64,761,002",Large,2899398,2729948,2610681,2510090,2432171,2437982,2335400,2317135,1974571,1767804,1801379,1712924,1704310,1848267,1945666,1979779,1810597,1389376,2303850,2303850,3086435,3297079,3376824,2891422,2846509,3300091,3147464
48041,Brazos,Eagle Ford,Peak,"101,465,227",Large,8553696,6101724,4115777,2956398,2911210,2301319,1962776,2533336,2762221,2360291,2283683,2150881,1972504,1756735,1531264,1512326,1713665,1990177,2584930,2584930,4904891,7623110,8600216,6018433,4675546,5726079,7277109
48043,Brewster,Permian,Scatter,"1,539",Small,0,0,0,0,48,0,0,0,0,0,0,0,572,572,0,0,0,0,129,129,89,0,0,0,0,0,0
48045,Briscoe,None,Scatter,"2,809",Small,0,0,0,0,0,0,0,0,0,0,0,0,0,0,1696,664,430,0,0,0,19,0,0,0,0,0,0
48047,Brooks,None,Scatter,"6,415,966",Large,310147,302660,248097,291762,284464,258048,222396,191961,152994,142471,163399,288039,355645,361963,304231,232510,173975,150803,192966,192966,148848,277304,277202,285320,271783,196578,137434
48049,Brown,None,Decline,"3,747,695",Large,279484,228075,230176,213091,199030,164942,127039,138068,113700,109260,110871,112145,103638,115900,111057,105355,104627,152864,136471,136471,125480,138238,119645,103974,103561,86862,77671
48051,Burleson,Eagle Ford,Growth,"133,281,749",Large,7886070,7725216,6613055,6734681,6144553,4737060,3542869,3979998,3942993,3225377,2756066,2382009,2162396,2003015,1805423,2111845,1857074,2054721,1662425,1662425,1752779,4310616,7056883,6746626,8947089,13947915,15530570
48053,Burnet,None,None,0,Small,0,0,0,0,0,0,0,0,0,0,0,0,0,0,0,0,0,0,0,0,0,0,0,0,0,0,0
48055,Caldwell,None,Peak,"31,628,285",Large,1461901,1267815,1145090,1059374,978392,872690,773874,942866,966650,863793,963620,916843,928625,946720,889089,938139,965837,1522598,1752359,1752359,1757263,1626502,1455596,1356680,1239905,1205701,1078004
48057,Calhoun,None,ERROR,"8,485,597",Large,680933,617683,531981,538111,569919,482450,335837,386961,344315,366956,504955,465572,372483,348741,297517,224769,160257,149136,156775,156775,166115,123589,120995,75085,56386,122184,129117
48059,Callahan,None,ERROR,"7,230,773",Large,745913,598214,511864,443642,474044,387159,309801,296017,266455,235257,206251,184925,175637,190086,215785,217743,217700,211476,206034,206034,178561,160312,126332,125153,124837,107231,108310
48061,Cameron,None,Decline,"18,116",Small,2274,1774,1965,1384,1541,1100,599,1129,910,0,758,761,831,661,537,633,700,425,67,67,0,0,0,0,0,0,0
48063,Camp,None,ERROR,"7,827,111",Large,464122,435570,434976,385356,372538,583781,645184,511574,422754,381255,320216,253747,230684,260881,253530,240985,204223,178631,177163,177163,193354,179926,146763,105147,98463,88222,80903
48065,Carson,None,Decline,"8,746,548",Large,647846,586332,558335,567757,533866,460429,386310,397786,385169,367825,354818,352618,339661,300413,283234,279064,261975,230661,216303,216303,198015,201916,162294,127201,118293,98468,113656
48067,Cass,None,ERROR,"10,912,656",Large,804037,704571,633413,687915,602024,495204,414494,487520,454832,347003,321555,324032,300569,288027,276652,247672,267343,258669,266952,266952,286900,339531,343978,350282,360328,393571,388630
48069,Castro,None,None,0,Small,0,0,0,0,0,0,0,0,0,0,0,0,0,0,0,0,0,0,0,0,0,0,0,0,0,0,0
48071,Chambers,None,Peak,"49,077,825",Large,2388021,2141336,1992064,1858456,1448002,1322857,1322501,984236,842294,1217951,1320517,1113842,922323,945450,917801,746990,728997,1150549,1747322,1747322,3100940,3569697,4015559,3311562,3045195,2752848,2423193
48073,Cherokee,None,Scatter,"7,378,868",Large,533538,438698,407017,388697,376781,290720,260187,241348,219154,222407,214027,200204,208653,184743,185435,175437,173506,150728,211416,211416,290455,325822,475117,341823,259175,197946,194418
48075,Childress,None,Decline,"487,636",Large,4567,5370,10440,10281,13361,11827,10321,19808,37098,24864,30418,42607,32647,29515,22817,44267,31876,19224,15649,15649,10543,10860,9071,4506,7480,7656,4914
48077,Clay,None,Decline,"20,988,573",Large,1426616,1403782,1299106,1260550,1240744,974664,951079,928277,893266,824461,780442,732028,699564,677440,614202,612155,605191,539013,550386,550386,526356,539469,535520,522126,439361,436769,425620
48079,Cochran,Permian,Decline,"111,228,785",Large,6543201,6130469,5873596,5311712,5572437,5096366,4687265,4687388,4407025,4129735,4048877,3887365,3825926,3863347,3874962,3807138,3702547,3686428,3616288,3616288,3336961,3309679,3075226,2828905,2764228,2772807,2772619
48081,Coke,Permian,Decline,"19,789,633",Large,1211392,1232557,1257834,1208587,1241136,1146922,1055446,861586,645068,524699,469284,469441,466327,475817,474535,561681,662859,703169,783941,783941,722128,709141,602977,445282,394504,361587,317792
48083,Coleman,None,Decline,"8,801,662",Large,591048,498531,462540,407984,388287,390384,369251,363945,308068,313967,329088,301958,277654,274669,243854,273838,246431,281841,298471,298471,295491,313955,304434,270906,267317,232736,196543
48085,Collin,None,None,0,Small,0,0,0,0,0,0,0,0,0,0,0,0,0,0,0,0,0,0,0,0,0,0,0,0,0,0,0
48087,Collingsworth,None,Decline,"122,118",Large,7574,7573,6004,5762,3598,4542,2648,3480,2705,3213,2596,2127,2325,1705,2250,2053,1718,3552,8234,8234,14541,8434,5713,2243,723,3666,4905
48089,Colorado,None,Decline,"7,116,079",Large,484302,425332,446078,482424,615175,471595,404782,370980,276177,229901,248693,227962,195645,196811,199631,192582,150078,148978,146374,146374,144772,149908,189491,159645,135105,140372,136912
48091,Comal,None,None,0,Small,0,0,0,0,0,0,0,0,0,0,0,0,0,0,0,0,0,0,0,0,0,0,0,0,0,0,0
48093,Comanche,None,Growth,"762,900",Large,18271,12925,11035,12701,10328,7702,7246,6406,7165,8599,14496,10710,7010,8611,7528,7580,5508,31002,31757,31757,40708,65215,83152,91776,94474,70821,58417
48095,Concho,Permian,ERROR,"16,959,714",Large,1855303,1290639,1000476,903659,985404,929216,1002338,1056472,943945,846682,617481,489971,433919,423634,436264,404374,372048,348325,320978,320978,308198,311323,254096,270322,273468,285372,274829
48097,Cooke,Barnett,Peak,"45,929,323",Large,2461895,2165420,2094257,2271448,2067781,1814800,1657802,1679763,1734009,1691625,1657660,1640073,1582686,1606690,1793953,1935602,1746938,1942221,1741643,1741643,1691871,1495084,1347543,1183512,1109454,1037353,1036597
48099,Coryell,None,None,0,Small,0,0,0,0,0,0,0,0,0,0,0,0,0,0,0,0,0,0,0,0,0,0,0,0,0,0,0
48101,Cottle,Permian,Growth,"1,929,699",Large,76437,83894,68811,49997,58582,45649,39442,48207,39128,44036,59281,62251,60807,47781,58771,65327,54086,88184,100051,100051,92222,76788,57786,88016,151476,116981,95657
48103,Crane,Permian,Decline,"293,247,114",Large,16429127,15803338,14782179,14618574,14362580,13950665,12296793,11523307,11052598,10480372,9992163,10185922,9894187,9440814,9345122,9430689,8880653,8758765,9426971,9426971,10826888,11342386,10491956,8510002,7280370,7109231,7604491
48105,Crockett,Permian,Peak,"144,217,003",Large,3613168,3440812,3194711,3213590,3237542,2912691,2907906,3023285,3265929,3437227,3463457,3695568,4139426,5348994,5400015,5413431,4942106,5066688,6149309,6149309,8678784,11498117,10472444,8874298,8693821,7739678,6244697
48107,Crosby,Permian,Peak,"22,769,379",Large,776640,743440,748898,833463,898164,840842,770636,803404,755699,687346,599356,555809,540496,543860,516913,560738,611395,744818,837709,837709,1102030,1566717,1555596,1245329,1165290,1003845,923237
48109,Culberson,Permian,Peak,"11,584,833",Large,343206,358281,276352,225998,183117,154789,110863,100136,127044,115030,124124,130451,118293,110974,100919,96139,92879,307244,709337,709337,765343,910906,832018,1587717,934467,1138099,921770
48111,Dallam,None,None,116,Small,0,0,0,0,0,0,0,0,0,0,0,0,0,0,0,0,0,0,0,0,0,0,80,36,0,0,0
48113,Dallas,Barnett,None,0,Small,0,0,0,0,0,0,0,0,0,0,0,0,0,0,0,0,0,0,0,0,0,0,0,0,0,0,0
48115,Dawson,Permian,ERROR,"131,745,927",Large,5939992,6092799,6456835,6884954,6873341,6622064,6120705,6021827,6029131,5594973,5262296,4880375,4566699,4352034,4439336,4217134,3923608,3712837,3854751,3854751,4174390,4142332,3762735,3474498,3582369,3635552,3273609
48117,Deaf Smith,None,None,0,Small,0,0,0,0,0,0,0,0,0,0,0,0,0,0,0,0,0,0,0,0,0,0,0,0,0,0,0
48119,Delta,None,None,0,Small,0,0,0,0,0,0,0,0,0,0,0,0,0,0,0,0,0,0,0,0,0,0,0,0,0,0,0
48121,Denton,Barnett,Scatter,"754,185",Large,13422,15405,17865,13294,10930,11075,5183,11315,10298,12302,13409,36138,30124,21555,46278,81173,83892,42304,30705,30705,36466,52244,37684,29229,20785,19033,21372
48123,DeWitt,Eagle Ford,Peak,"382,095,094",Large,324603,268292,223484,218247,195216,135557,116188,120154,102717,87477,76450,86813,63625,63052,58445,103567,160995,4954696,16520868,16520868,31220304,48774547,71956342,56133598,45178559,46661707,41768723
48125,Dickens,Permian,Decline,"23,479,501",Large,420860,502955,534203,520143,831216,869382,719093,724671,883971,1375918,1607379,1660849,1539554,1372910,1340338,1286611,1111893,860696,782786,782786,679240,649842,542492,470771,491175,485733,432034
48127,Dimmit,Eagle Ford,Growth,"276,995,304",Large,1691870,1316775,1099739,1152996,967160,907442,706422,611246,623832,539954,723309,659104,968100,1321332,1090798,935954,808082,4487962,11835820,11835820,24000865,32080448,37274080,29148743,31719426,38151436,40336589
48129,Donley,None,None,0,Small,0,0,0,0,0,0,0,0,0,0,0,0,0,0,0,0,0,0,0,0,0,0,0,0,0,0,0
48131,Duval,None,Decline,"33,558,229",Large,2399700,2136761,1933953,1883308,1705050,1489677,1265197,1365235,1353543,1233905,1131160,1052906,1084961,1036770,1007562,988588,933611,844690,878988,878988,1045819,1077264,1033650,1017227,924492,972464,882760
48133,Eastland,None,ERROR,"8,396,914",Large,688176,633601,562421,494830,445978,378207,359654,339436,310298,288201,276014,272628,278746,296314,269399,275813,257068,214521,240561,240561,222044,209120,198616,169043,169820,159388,146456
48135,Ector,Permian,Peak,"636,013,012",Large,31825327,29656969,27444430,26803579,26698312,25291226,22821279,21922647,21760116,19529584,20404572,20089513,19194897,18338379,17908836,19923640,20335290,23876512,25970291,25970291,28962088,30587217,26694058,22718276,21012667,20261525,20011491
48137,Edwards,Permian,Scatter,"115,618",Large,1927,1476,5334,2674,4526,7565,6627,5245,4314,2408,1843,2303,2092,2716,2164,2770,4095,22205,7644,7644,2424,1525,4470,2588,3925,1445,1669
48141,El Paso ,None,None,"33,801",Small,0,5475,4091,5378,3716,2717,2338,2461,2329,147,201,158,15,119,12,268,1056,519,536,536,392,424,461,286,157,9,0
48139,Ellis,Barnett,Decline,"5,660",Small,5660,0,0,0,0,0,0,0,0,0,0,0,0,0,0,0,0,0,0,0,0,0,0,0,0,0,0
48143,Erath,Barnett,Scatter,"71,514",Small,7684,5216,5631,164,6281,3477,340,52,782,1826,1659,2816,2655,3739,3793,5606,6005,2343,1974,1974,1519,965,176,267,1311,1992,1267
48145,Falls,None,Decline,"127,101",Large,12131,11305,8800,7611,6792,5193,4310,3525,5016,2999,5511,4326,1929,2503,1541,3162,2569,7381,6339,6339,5650,3225,2567,1859,2087,1007,1424
48147,Fannin,None,None,100,Small,0,0,0,0,0,0,0,0,0,0,0,0,0,0,0,0,0,0,50,50,0,0,0,0,0,0,0
48149,Fayette,Eagle Ford,Decline,"81,345,052",Large,12597277,8746444,6369669,4794619,4016036,3239892,2424795,2305038,2293198,2093192,2147611,1835623,1438669,1377544,1262112,1085570,946846,1289541,1845188,1845188,2853016,3905887,3336274,2059818,1900116,1619114,1716775
48151,Fisher,None,Growth,"26,571,408",Large,1686373,1529132,1483052,1342423,1289414,1147226,1055776,1068730,951703,845835,736722,637694,568758,583865,592642,805149,776972,811984,825222,825222,931418,1059538,1005600,845078,843265,984548,1338067
48153,Floyd,Permian,Decline,"39,522",Small,3486,2319,2328,1997,2063,1966,1815,1579,1693,1431,1646,1606,1628,1720,1182,1550,1885,1588,1576,1576,885,897,754,352,0,0,0
48155,Foard,None,Decline,"3,991,307",Large,295091,321656,273326,220323,203236,292370,188331,197011,168712,142830,143307,136525,107552,95615,89381,103648,99886,101710,120735,120735,109544,98293,75766,52704,68347,90339,74334
48157,Fort Bend,None,Decline,"49,069,092",Large,2951550,2608979,2655351,2884528,3040228,2425418,2064862,1939431,1839687,1653655,1692332,2069297,1817960,1842098,1647187,1656577,1540434,1659751,1622586,1622586,1620241,1595309,1286356,936018,842466,808372,745833
48159,Franklin,None,ERROR,"12,496,393",Large,833699,593269,536552,571875,555767,450540,397336,401220,400447,400814,405765,412200,387828,338608,307624,343073,342624,266908,476599,476599,653075,569584,595321,515457,457846,407705,398058
48161,Freestone,None,Decline,"2,216,172",Large,238041,209187,170022,146800,122437,107188,95058,85993,73590,74419,79077,77157,70876,62774,68527,64248,52709,60531,65046,65046,46124,41844,35476,27696,22398,29706,24202
48163,Frio,Eagle Ford,Growth,"76,961,912",Large,5187265,2996522,2022193,1618008,1308903,1084630,914444,854764,673773,654597,592125,623031,547232,569944,524239,608510,554029,2150818,3623313,3623313,3782817,5737200,7317907,6880692,7354415,8029965,7127263
48165,Gaines,Permian,ERROR,"793,317,418",Large,39662881,38534357,37847584,37884882,36974109,36173519,34232436,33643818,33208604,31727704,30477331,29655926,29005138,27815332,26924113,25487904,24618242,24759964,24897082,24897082,23718557,24124153,24034118,22621965,23775538,24456653,22158426
48167,Galveston,None,ERROR,"18,167,404",Large,1408232,1324354,1097028,1172130,966373,943246,847295,734997,786067,634618,924050,822973,687251,678406,652577,538071,468745,530684,458316,458316,390231,419872,336609,293329,223275,207439,162920
48169,Garza,Permian,ERROR,"115,408,902",Large,6867276,6623058,6769677,6556718,6279519,6014921,5530023,5578172,5444193,5090301,4757053,4301114,4090845,3894779,3657677,3668041,3457187,3089979,3004754,3004754,2893139,2822857,2649482,2513246,2356682,2296568,2196887
48171,Gillespie,None,None,0,Small,0,0,0,0,0,0,0,0,0,0,0,0,0,0,0,0,0,0,0,0,0,0,0,0,0,0,0
48173,Glasscock,Permian,Growth,"347,333,517",Large,5415985,5383720,5872179,6151774,6661369,6256862,5545673,5378258,4856727,4574845,4311922,3974418,3656853,3595384,3736545,3677709,3938516,9165258,15528780,15528780,19613737,24609761,27359560,26432702,30433288,46494434,49178478
48175,Goliad,None,Decline,"8,111,790",Large,375747,326556,307056,354658,437364,429982,431987,462091,418948,339719,294260,257392,338849,350352,285740,254109,235064,221367,267792,267792,219843,224426,232604,197918,164506,209192,206476
48177,Gonzales,Eagle Ford,Peak,"338,389,746",Large,1441674,924012,727443,699406,693954,708857,655823,536257,386306,313225,268311,210827,214113,221158,217769,221683,196703,9003620,24030282,24030282,42083612,47305552,40336813,35309782,31500756,34740049,41411477
48179,Gray,Anadarko,ERROR,"40,153,777",Large,2529810,2414845,2354478,2393967,2397378,2225600,1912540,1876162,1827281,1641021,1483544,1379195,1291342,1211398,1174150,1156170,1059875,1050497,1063893,1063893,1046358,1018261,963666,896735,923911,921802,876005
48181,Grayson,None,Decline,"40,164,903",Large,1965628,1828740,1727039,1780301,1732803,1945001,1670219,1509574,1432253,1363419,1298419,1323589,1465484,1360418,1157916,1143374,1035455,1348117,1725541,1725541,1693361,1819560,1601724,1305981,1124429,1074474,1006543
48183,Gregg,Haynesville,ERROR,"178,528,702",Large,25504179,23773083,21309063,19006927,15789161,12616468,8883265,5847993,4262641,3494235,3164878,2826912,2743152,2706714,2512422,2434313,2253696,2271627,2229322,2229322,2245946,2316783,2169499,1626068,1472338,1458641,1380054
48185,Grimes,Eagle Ford,Scatter,"12,414,719",Large,304162,632330,1024419,565495,277966,150655,149897,164812,169346,134467,102393,198542,122461,103236,99212,116991,129564,538988,799995,799995,1142610,1350458,1086816,806457,604725,470843,367884
48187,Guadalupe,None,ERROR,"28,272,853",Large,1272201,1263093,1374289,1262037,1099656,1326284,947147,976055,992359,894861,1003208,1054386,1489239,1417201,1209594,1147382,1055462,988595,991911,991911,967651,896789,807090,711386,718699,706523,707844
48189,Hale,Permian,ERROR,"55,671,607",Large,1427773,1206297,1071498,1009736,1108418,1722489,2452220,2804997,3454118,4270611,3490101,2975071,2792260,2088353,2799959,2806339,2510105,2185795,1937467,1937467,1703815,1549194,1488596,1386439,1298148,1240235,954106
48191,Hall,None,None,0,Small,0,0,0,0,0,0,0,0,0,0,0,0,0,0,0,0,0,0,0,0,0,0,0,0,0,0,0
48193,Hamilton,None,Decline,"22,966",Small,1667,2477,2182,1717,1625,796,780,599,678,811,1161,294,1353,700,389,370,907,883,819,819,972,269,276,67,294,35,26
48195,Hansford,Anadarko,Scatter,"6,269,404",Large,335694,367723,340372,323617,317548,266692,211794,178761,159372,159509,178558,165470,141729,134122,134750,207878,313113,257889,256657,256657,203149,201630,179497,129362,233316,364909,249636
48197,Hardeman,None,ERROR,"43,812,545",Large,2607518,2445496,2726171,2816662,2586166,2582454,2336097,2203273,2097943,2168549,2249274,2080157,1832337,1486012,1252382,1205311,1026018,820919,934785,934785,888689,818087,806291,691816,687828,733130,794395
48199,Hardin,None,Decline,"34,079,770",Large,1939567,1688964,1517295,1471103,1377220,1301327,1253572,1253496,1155692,1060175,1077717,1335469,1251373,1303791,1327762,1551014,1220434,1094339,1260571,1260571,1288824,1207744,1060234,1025411,949728,932845,913532
48201,Harris,None,Decline,"50,967,979",Large,4355067,3627711,3487305,3513266,3489971,3111633,2335766,2016452,1868264,1789772,1695073,1654802,1620619,1603839,1508740,1409335,1302371,1161675,1226268,1226268,1204493,1190800,1095633,990924,873445,828961,779526
48203,Harrison,Haynesville,Decline,"12,686,178",Large,895151,786085,680314,686477,684801,613173,531206,532825,492759,475356,471973,465617,460813,455113,405805,373506,333096,317426,327413,327413,330599,416937,332660,282689,266371,365088,375512
48205,Hartley,None,Scatter,"7,958,623",Large,322623,307412,288509,304097,381880,373451,357199,408090,350288,314247,270292,229971,212585,174568,207034,212169,224788,350157,324161,324161,356434,490388,340916,238558,170933,200793,222919
48207,Haskell,None,Growth,"15,252,029",Large,1014263,849053,750054,756144,832927,751528,636611,592324,539255,474929,416456,399973,350044,328340,311158,306941,313723,396484,462883,462883,519304,607234,552867,523454,576765,642520,883912
48209,Hays,None,None,34,Small,15,19,0,0,0,0,0,0,0,0,0,0,0,0,0,0,0,0,0,0,0,0,0,0,0,0,0
48211,Hemphill,Anadarko,Peak,"12,461,096",Large,288041,235845,179566,156267,141886,138341,143619,208398,250648,297809,204607,185573,175056,164530,222404,236820,165046,346451,772798,772798,1311726,1584908,1878499,887568,582727,488017,441148
48213,Henderson,None,ERROR,"23,150,818",Large,1760547,1854557,1894989,1769676,1581838,1450673,1360906,1214883,1033360,927641,798209,693515,576748,445136,397753,315693,280364,243615,225101,225101,231403,461750,635671,848138,912669,575667,435215
48215,Hidalgo,None,Decline,"1,999,304",Large,113509,132615,181728,141349,106259,90623,94778,85516,87709,78526,54242,48186,58971,56402,102280,76997,68711,36329,20966,20966,27107,44221,56622,54775,53942,56504,49471
48217,Hill,Barnett,Decline,"20,784",Small,3524,2798,2287,634,1716,928,857,1150,1205,1161,253,54,2,0,0,474,1253,1132,649,649,44,4,9,0,0,1,0
48219,Hockley,Permian,ERROR,"527,706,397",Large,28255496,27037356,26020940,26686173,25664233,25847881,23748864,23107040,22543709,22164313,21705364,20675978,20025211,19597778,18991981,18418217,17473762,15873975,15434556,15434556,14908847,14453023,13740137,12960632,12657113,12370408,11908854
48221,Hood,Barnett,None,"5,778",Small,0,0,0,0,0,0,0,0,0,0,0,0,0,1013,670,695,2854,78,33,33,269,132,0,1,0,0,0
48223,Hopkins,None,Decline,"8,860,061",Large,740639,651365,589913,531024,439602,385666,343419,328040,299747,277919,408380,400898,361805,290423,255521,220057,263709,253434,258306,258306,227099,231257,194375,169845,166923,159229,153160
48225,Houston,None,Peak,"22,437,280",Large,597519,644117,700616,696825,826837,949275,872306,839225,796443,724999,650349,648088,745478,710812,716386,712465,755495,767166,976320,976320,1015350,1344090,2126897,970786,587238,579785,506093
48227,Howard,Permian,Growth,"411,919,114",Large,9578174,9444789,9424212,9151735,9024344,8127397,7134883,7507306,7474420,7126135,7086812,6319098,6060658,5685375,5522777,5496859,5495850,7740407,9831272,9831272,11879945,14647784,17778347,23597218,40404432,66342360,84205253
48229,Hudspeth,Permian,None,0,Small,0,0,0,0,0,0,0,0,0,0,0,0,0,0,0,0,0,0,0,0,0,0,0,0,0,0,0
48231,Hunt,None,Decline,"125,618",Large,50772,30324,18746,10936,7059,4523,412,0,9,5,15,0,0,0,0,0,0,0,0,0,123,196,201,348,880,610,459
48233,Hutchinson,Anadarko,None,"26,318,259",Large,1691451,1633021,1578954,1915177,1706907,1395962,1204594,1168939,1078730,960820,904058,884484,845933,775894,830642,848578,808277,738516,741192,741192,695804,666841,566993,454828,477560,524177,478735
48235,Irion,Permian,Peak,"138,643,519",Large,2965903,2753897,3148726,2579214,2661134,2569545,1903188,1654455,1624847,1567856,1611691,1467254,1436439,1578609,1944457,2500682,2382836,3489599,6368323,6368323,11108974,16018890,14802286,10798687,9758072,10532947,13046685
48237,Jack,Barnett,Peak,"26,848,174",Large,1430963,1239617,1181817,1065842,1154181,1061010,927556,946183,804916,693896,661706,616789,575013,556334,616442,707015,683826,924966,1507169,1507169,1403868,1895473,1491629,885226,754432,710454,844682
48239,Jackson,None,Growth,"31,108,898",Large,2216551,1936326,1743951,1683034,1512115,1550336,1153111,1145922,1093181,1010306,936987,874558,772349,754298,674361,730545,693162,675084,661678,661678,722269,718599,609027,576799,1538206,2146091,2318374
48241,Jasper,None,Decline,"10,254,190",Large,713342,1042340,930982,934736,557322,451277,290734,200599,153834,187049,147542,280395,188818,244444,302226,367853,539189,249117,213010,213010,184039,240875,243064,234435,364650,476409,302899
48243,Jeff Davis,Permian,None,0,Small,0,0,0,0,0,0,0,0,0,0,0,0,0,0,0,0,0,0,0,0,0,0,0,0,0,0,0
48245,Jefferson,None,ERROR,"24,728,562",Large,1509083,1455517,1187626,1073722,1036678,774448,808259,932409,917217,943367,787913,713863,845467,841452,1091536,900396,894179,828065,820739,820739,1203399,1089191,748865,671735,694966,619156,518575
48247,Jim Hogg,None,Decline,"2,147,060",Large,320586,245663,184055,166682,163490,141580,102892,81820,68971,92205,54962,59456,59177,56734,48498,44063,33745,26688,28653,28653,31267,27907,20235,16981,13611,14949,13537
48249,Jim Wells,None,Decline,"4,790,577",Large,424260,350466,340327,284016,318757,291425,235851,194154,182692,175659,167797,152025,156072,128064,120739,138578,143347,106867,109265,109265,126650,108725,83882,85445,96374,78909,80966
48251,Johnson,Barnett,None,0,Small,0,0,0,0,0,0,0,0,0,0,0,0,0,0,0,0,0,0,0,0,0,0,0,0,0,0,0
48253,Jones,None,Decline,"21,163,140",Large,1060236,1088294,1171294,1159343,1074451,986034,823883,824856,820328,768718,723764,749670,847408,880279,769707,765968,758914,705962,700037,700037,692621,672406,574066,507070,497875,420190,419729
48255,Karnes,Eagle Ford,Growth,"730,348,920",Large,515671,398015,341441,319588,317142,347937,332994,288236,241501,204129,243146,269465,288215,285978,275081,243858,318972,13050488,39795751,39795751,60848318,86439137,96145683,79330461,94162962,107854841,107694159
48257,Kaufman,None,Decline,"2,400,946",Large,182730,147889,152583,127032,116717,111616,78785,84624,78144,64284,55579,63016,55729,68091,60955,62897,91549,87947,97774,97774,97333,87918,92538,68918,59037,51704,57783
48259,Kendall,None,None,0,Small,0,0,0,0,0,0,0,0,0,0,0,0,0,0,0,0,0,0,0,0,0,0,0,0,0,0,0
48261,Kenedy,None,Decline,"5,116,028",Large,555501,472296,399763,361190,341348,338412,264362,260734,189154,207832,144848,122357,104937,97699,79237,60211,54730,51808,60605,60605,77463,119896,206194,139657,115216,114212,115761
48263,Kent,Permian,ERROR,"160,626,105",Large,8249465,10746131,11007103,10788917,10501772,9392835,7919781,7071562,6295825,6477843,6614716,6059412,4940322,4537768,4377012,4017331,3989926,4396536,4134134,4134134,3946110,3777871,3734149,3559532,3277862,3457581,3220475
48265,Kerr,None,None,"13,137",Small,1623,2242,996,2614,2269,1504,0,0,0,0,106,646,1039,0,0,0,0,0,0,0,0,0,98,0,0,0,0
48267,Kimble,Permian,Decline,"13,086",Small,1117,876,764,742,930,665,567,429,585,198,696,543,477,455,400,340,358,352,288,288,382,338,272,218,237,310,259
48269,King,Permian,Decline,"68,120,147",Large,5767062,4814808,4486066,4058575,3623585,2998623,2654599,2815102,2874552,2766992,2607932,2209993,2055985,2243357,2040060,1959252,1847523,1405273,1373920,1373920,1301635,1368466,1777893,2016079,1991453,1872614,1814828
48271,Kinney,None,None,0,Small,0,0,0,0,0,0,0,0,0,0,0,0,0,0,0,0,0,0,0,0,0,0,0,0,0,0,0
48273,Kleberg,None,Decline,"6,205,975",Large,757287,638102,508019,435771,362874,281273,196229,196414,164007,80561,78399,51432,54192,37518,36843,40079,95705,323920,364724,364724,251151,301104,220103,152078,93118,70295,50053
48275,Knox,Permian,Decline,"7,695,280",Large,634804,497882,428313,422969,374213,350299,412197,366819,321196,284054,309559,275333,237393,231107,222528,223425,195135,182073,202623,202623,281960,195303,185721,161978,149044,169879,176850
48277,La Salle,Eagle Ford,Peak,"462,496,657",Large,905763,652106,412242,349029,273401,214241,183017,198232,178712,136740,124284,119745,125609,154858,149022,165267,117277,6376615,22016720,22016720,45126546,68257113,72990114,50907535,51619064,58530878,60195807
48279,Lamar,None,None,0,Small,0,0,0,0,0,0,0,0,0,0,0,0,0,0,0,0,0,0,0,0,0,0,0,0,0,0,0
48281,Lamb,Permian,Decline,"15,068,460",Large,402696,383736,470873,603712,558049,473138,455430,579833,401281,1112320,1696337,1393641,858831,673503,575142,684145,564608,437838,386744,386744,336539,344680,298860,294320,262972,226712,205776
48283,Lampasas,None,None,0,Small,0,0,0,0,0,0,0,0,0,0,0,0,0,0,0,0,0,0,0,0,0,0,0,0,0,0,0
48285,Lavaca,Eagle Ford,Peak,"47,796,995",Large,315040,227634,269377,310422,245853,245125,226056,175767,170025,198202,177208,152343,140952,147097,153671,171588,143391,402394,1727319,1727319,3999311,6347288,7972735,4947617,4229396,5931341,7042524
48287,Lee,Eagle Ford,Decline,"62,706,774",Large,6068998,7450843,5691116,4086137,3536925,2860836,2165630,2139483,1948334,1799610,1624934,1487896,1641650,1377224,1143734,1128684,1116171,1029432,1212915,1212915,1169992,1878331,1851686,1488171,1148262,2276807,2170058
48289,Leon,Eagle Ford,Decline,"36,278,539",Large,3347197,2555518,1887649,1412336,1380730,1189847,1018551,1128091,991365,798482,760715,844465,959823,911554,766453,627646,551242,847188,1822138,1822138,2716139,2681520,1766682,1207994,919379,754536,609161
48291,Liberty,None,ERROR,"39,460,783",Large,2272672,1908909,1839744,1732825,1781952,1739753,1596472,1593897,1484013,1388908,1520559,1470089,1435277,2043683,2092813,1647765,1452658,1289681,1220844,1220844,1258959,1187989,899442,846378,925236,825648,783773
48293,Limestone,None,Decline,"2,736,920",Large,163481,151273,148933,142929,135830,124432,108607,115706,114196,105863,103834,100925,91436,90399,88502,89999,86894,82313,84918,84918,82423,79008,83041,77292,70739,65647,63382
48295,Lipscomb,Anadarko,Decline,"32,827,610",Large,922061,859738,781302,705744,635819,536988,437408,407219,374880,355164,325478,316041,413300,883939,1170097,1524944,1584440,2113844,3145820,3145820,2541134,2543365,2199142,1421177,1310807,1157859,1014080
48297,Live Oak,Eagle Ford,Peak,"96,172,418",Large,618344,503991,426969,436211,493043,504961,448216,420707,403342,390012,425653,397232,441122,492302,522363,481500,418649,3874944,6357192,6357192,8876470,13041482,11862618,9596442,7806869,8198774,12375818
48299,Llano,None,None,0,Small,0,0,0,0,0,0,0,0,0,0,0,0,0,0,0,0,0,0,0,0,0,0,0,0,0,0,0
48301,Loving,Permian,Growth,"304,699,809",Large,1665249,1492638,1416234,1420965,1583799,1524900,1443620,1369011,1305728,1189301,1076369,1020815,997809,1074491,1201522,1403057,1374021,2549541,4561773,4561773,5952348,10430583,17402754,30009953,44521452,74646333,87503770
48303,Lubbock,Permian,Decline,"41,517,202",Large,2237690,2063711,1989374,1868344,1824171,1710758,1689020,1598882,1583524,1585036,1611498,1608702,1580653,1919233,1458502,1414422,1449474,1478917,1433530,1433530,1379997,1302534,1204768,1120037,1037092,988757,945046
48305,Lynn,Permian,Scatter,"8,701,140",Large,367648,291492,267902,267588,237308,239381,228278,270212,261034,217554,178716,152567,190448,192428,263430,268476,266713,366277,604625,604625,710625,514727,394163,390519,359690,319669,275045
48313,Madison,Eagle Ford,Peak,"3,002,067",Large,561965,136894,381116,176743,126728,91312,78856,75348,117497,138446,145727,125209,91626,75194,67747,61602,67259,53449,48838,48838,47440,52832,54034,48861,43594,41567,43345
48315,Marion,Haynesville,Growth,"310,831",Large,274225,3250,3054,2204,1501,1437,2015,1518,1089,1562,1699,1891,1858,1379,1230,1444,1297,1357,1370,1370,821,414,390,423,702,587,744
48317,Martin,Permian,Growth,"297,401,854",Large,6796597,1656178,1549802,1397768,1332716,1220984,1088832,1171109,1153205,975410,910415,978729,1071348,1149272,1216306,1398111,1356786,3807525,13221027,13221027,28014812,42797998,42116042,36378235,29836386,31370975,30214259
48319,Mason,None,None,"45,889,573",Large,0,497485,453240,587934,1102691,810325,540631,463762,424297,372474,348463,397892,499923,529976,526659,471167,602569,1760099,3074624,3074624,4405384,6724216,6367597,3933077,2702793,2407643,2810028
48321,Matagorda,None,Decline,"6,185,200",Large,872007,284396,246738,209781,190415,194666,172342,149657,130040,119857,120854,128657,123976,129340,125611,142154,108303,109487,112709,112709,115553,156996,181106,397433,540982,569338,440093
48323,Maverick,Eagle Ford,ERROR,"590,692,336",Large,1077741,6435817,6073454,5736600,5733234,5423152,5032423,4955111,5008992,4758568,4656933,4847048,5173402,5534232,6400753,9178071,10520859,17397849,23114653,23114653,27883649,33393119,42422225,49022420,59236930,94305681,124254767
48307,Mcculloch,Permian,Decline,"31,145",Small,31145,0,0,0,0,0,0,0,0,0,0,0,0,0,0,0,0,0,0,0,0,0,0,0,0,0,0
48309,Mclennan,None,Decline,"13,094,707",Large,3902,794739,781310,698546,710382,591196,479539,679781,509965,1245863,1325355,619513,527464,451802,374046,347868,330795,366156,332547,332547,280184,280935,220301,176999,218482,242045,172445
48311,Mcmullen,Eagle Ford,Peak,"29,302,254",Large,1943001,1009219,1070507,1003200,930918,795154,676234,690840,687295,1228230,1386758,1019893,1184237,1771669,1728285,1957957,1476996,1032817,898995,898995,914398,819619,688698,713616,806706,845636,1122381
48325,Medina,None,Decline,"3,005,876",Large,146430,133093,122973,118005,112779,105373,88865,91333,84143,80130,83176,82469,85587,90168,85696,86911,100012,105927,129318,129318,150997,175371,173403,127209,116315,105306,95569
48327,Menard,Permian,Scatter,"3,600,230",Large,114486,93147,77055,73770,110116,129357,120863,111576,125777,124502,160645,137686,123382,111300,115059,147853,143494,197614,231338,231338,192214,156038,158606,117071,104546,94856,96541
48329,Midland,Permian,Growth,"883,889,946",Large,10648017,11607752,12149210,12019072,12409063,12421867,10992496,11135346,11443275,10656282,10661467,10786176,10301344,10385999,10876283,11211819,12882858,18410252,22730145,22730145,24568589,33805196,47621785,73617833,109693938,152687562,185436175
48331,Milam,Eagle Ford,Scatter,"19,261,035",Large,271426,251603,249453,897002,1349701,1483990,1023822,921004,825421,747874,623929,566568,511592,426704,411406,404094,362158,454369,664682,664682,708576,666675,491979,404534,488900,927872,2461019
48333,Mills,None,None,0,Small,0,0,0,0,0,0,0,0,0,0,0,0,0,0,0,0,0,0,0,0,0,0,0,0,0,0,0
48335,Mitchell,Permian,Peak,"91,293,234",Large,3977314,3779401,3672600,3608168,3502609,3295886,3002926,2953830,2928647,2759837,2744732,2977633,3171356,3264613,3367591,3754739,3865721,4015476,4167277,4167277,4198418,3824346,3329323,3023758,2891051,2640302,2408403
48337,Montague,Barnett,Peak,"43,562,252",Large,1899124,1784513,1694575,1637083,1525129,1511728,1335578,1524204,1483128,1484564,1476776,1519802,1457972,1555123,1616659,1648893,1477694,1367770,1909240,1909240,2742748,2571124,1892554,1395122,1156215,1028105,957589
48339,Montgomery,None,ERROR,"28,438,218",Large,1648636,1430295,1600697,1568388,1355268,1162514,1078987,985423,900586,845477,905089,861757,756271,742523,862229,1121522,1176480,1082539,1005322,1005322,990246,1025144,987870,817846,850783,833502,837502
48341,Moore,None,ERROR,"8,816,080",Large,555196,456261,477091,432199,426790,382863,335237,323966,265389,225677,244173,245834,313898,278862,321268,335541,310826,270527,300768,300768,283320,257212,275023,354854,338143,259334,245060
48343,Morris,None,Growth,"100,391",Large,0,0,0,0,0,0,0,0,0,0,0,2154,2218,2012,1747,1887,1778,1555,1385,1385,1292,1283,1423,1410,21263,31475,26124
48345,Motley,Permian,Decline,"1,560,899",Large,134309,145155,150568,121120,93382,90203,61277,67940,55552,47695,60860,59269,45187,39953,31201,29124,30623,28080,23390,23390,18658,27632,36581,29786,34572,36455,38937
48347,Nacogdoches,Haynesville,Scatter,"235,476",Large,16651,15437,13658,14394,7121,9239,7175,7073,5762,4702,6414,3767,4452,6696,8622,7931,7833,5012,4730,4730,4010,11584,8457,14025,14797,11811,9393
48349,Navarro,None,ERROR,"8,497,418",Large,560821,430364,367320,352652,335530,308839,340049,371689,317253,370912,371631,313404,267070,296933,311009,356788,353391,319028,331084,331084,306541,323764,241665,180553,162023,144220,131801
48351,Newton,None,ERROR,"19,153,943",Large,1976246,1499205,1061481,702345,567311,545823,594317,755958,769543,562367,545337,636423,615837,926088,834759,723376,595098,534783,504574,504574,496802,518442,571904,546201,526572,516856,521721
48353,Nolan,Permian,Peak,"44,044,629",Large,1924113,1969230,2049604,2232374,2156409,1948953,1598735,1897439,1919321,1586253,1499925,1396910,1313766,1177138,1162336,1304179,1146037,1531663,1714709,1714709,1799142,1882319,1792919,1615569,1422690,1161022,1127165
48355,Nueces,None,Decline,"15,570,168",Large,1254862,1121833,944510,1048971,965092,810584,637927,658148,658954,645566,658890,577729,533282,512400,423098,448741,464101,520874,433261,433261,393634,346347,275793,227762,232497,177873,164178
48357,Ochiltree,Anadarko,Peak,"75,440,406",Large,1174527,1175635,1090159,1068031,1063326,935476,790848,880850,822676,828554,849241,822924,846032,939166,1198962,1619899,1951689,4559940,5767924,5767924,6841076,8369417,7172766,5316298,4654617,4856958,4075491
48359,Oldham,None,Decline,"9,264,126",Large,270351,218587,181922,153876,134850,96793,78783,88626,78369,108335,109907,87808,70749,70949,150214,225456,212783,210375,915326,915326,2046298,982446,488638,405440,322604,375982,263333
48361,Orange,None,Decline,"18,902,415",Large,2009069,1694403,1500132,1333121,1043852,840865,638729,628325,488893,368712,337694,372948,335962,368080,629123,505324,464103,552721,599869,599869,574335,591885,669553,501949,409528,418500,424871
48363,Palo Pinto,Barnett,Scatter,"7,967,986",Large,247827,322084,588071,410631,466977,592384,274744,376724,409284,316323,239532,389704,229093,170303,154868,181424,207086,212803,236341,236341,451034,460698,304911,152603,117969,115570,102657
48365,Panola,Haynesville,Decline,"12,677,039",Large,449068,448909,567977,833350,927257,720288,658408,617169,567367,496070,442035,425455,384780,421826,377772,358822,332397,300730,460525,460525,459108,413569,381349,331301,315581,285909,239492
48367,Parker,Barnett,Scatter,"177,924",Large,10245,7047,6038,10127,6332,6310,5510,4746,4855,4198,3923,5282,15745,12523,10399,17323,12739,5602,5638,5638,5368,4290,2236,2057,1571,1412,770
48369,Parmer,None,None,0,Small,0,0,0,0,0,0,0,0,0,0,0,0,0,0,0,0,0,0,0,0,0,0,0,0,0,0,0
48371,Pecos,Permian,ERROR,"408,675,072",Large,20717384,21783083,22698162,22823450,23203413,21245219,16720536,13374765,10405048,9185657,9363509,9570873,11113555,11636895,11953891,12249412,11775879,9922757,9687507,9687507,9669094,9802763,11145902,13148135,16103471,25864954,33822251
48373,Polk,None,Growth,"14,761,873",Large,731102,562581,610564,574601,628193,609568,578742,544376,416027,388190,471567,598411,547816,535941,476084,517473,544622,579464,668106,668106,686119,597923,570533,431100,377625,402087,444952
48375,Potter,None,None,"9,315,508",Large,299445,284177,372119,349409,249193,231796,229506,295356,198915,161775,141202,150566,146315,179481,186590,208385,168752,162956,180009,180009,190362,349801,1124376,696681,874660,1093155,610517
48377,Presidio,Permian,None,"2,406",Small,0,0,0,0,341,1660,320,74,11,0,0,0,0,0,0,0,0,0,0,0,0,0,0,0,0,0,0
48379,Rains,None,None,0,Small,0,0,0,0,0,0,0,0,0,0,0,0,0,0,0,0,0,0,0,0,0,0,0,0,0,0,0
48381,Randall,None,None,0,Small,0,0,0,0,0,0,0,0,0,0,0,0,0,0,0,0,0,0,0,0,0,0,0,0,0,0,0
48383,Reagan,Permian,Growth,"371,162,536",Large,5467816,5221139,5536361,6703230,7183672,6698270,5586719,5350012,5021649,4846835,5144486,4957988,5128520,5437816,5627165,5985450,6322604,9162246,11382700,11382700,15447979,23807577,31270400,34177174,39206966,47024664,52080398
48385,Real,None,Decline,"29,934",Small,0,0,0,0,0,0,0,0,0,0,6864,9292,3644,2756,1723,1193,202,333,550,550,353,918,132,258,86,65,1015
48387,Red River,None,Decline,"6,692,985",Large,241205,318573,498532,580828,838708,670323,444115,356212,331694,289781,256644,205728,167655,142288,137239,137235,114833,104721,108726,108726,113466,106265,96699,87071,85951,78000,71767
48389,Reeves,Permian,Growth,"402,752,422",Large,1242295,1094283,1005544,928654,846861,799483,762308,772940,744503,715940,746363,718147,808389,863327,862146,986290,1111422,3759964,7824165,7824165,10586475,22212078,34097064,38825438,57094428,90900363,114619387
48391,Refugio,None,ERROR,"106,977,522",Large,6800782,6045758,5627198,5159177,4768997,4310489,3728429,3863903,3843151,4235663,4618900,5396283,4904959,4292988,3700009,3375232,3510563,3515945,3308570,3308570,3337528,3183931,2911607,2578437,2294165,2272704,2083584
48393,Roberts,Anadarko,Peak,"25,786,147",Large,356851,338658,296984,268426,459877,315503,270331,275841,291921,296220,432099,382249,545923,687388,550498,649948,608866,989228,1765038,1765038,2545566,3057641,2833356,1459069,1420728,1447042,1475858
48395,Robertson,Eagle Ford,Scatter,"45,710,537",Large,223682,760121,1037388,1794319,5530271,4026154,2485057,2634821,1967854,1465776,1307233,1279063,1092641,957497,912170,1407566,1246736,1287916,1606527,1606527,2226080,1747680,1555112,1278235,1182565,1256454,1835092
48397,Rockwall,None,None,0,Small,0,0,0,0,0,0,0,0,0,0,0,0,0,0,0,0,0,0,0,0,0,0,0,0,0,0,0
48399,Runnels,Permian,Decline,"16,518,339",Large,961576,994315,1009108,963874,853070,735070,665773,656910,624936,580133,528050,448562,467554,681428,678081,675140,570805,486920,512820,512820,538630,490061,441192,385328,367686,350948,337549
48401,Rusk,Haynesville,Decline,"73,671,918",Large,5549620,5049979,4611073,4472067,4121297,3847203,3494617,3400719,3060730,2841498,2667645,2570214,2376668,2192174,2193163,2139292,2016242,1855651,1884228,1884228,1936457,1900881,1778904,1560875,1477978,1417634,1370881
48403,Sabine,None,Decline,"3,064,455",Large,757991,646129,691426,434092,166027,88370,70733,57443,26696,19193,12636,8066,5246,9271,5985,5015,4137,5240,7109,7109,5677,2620,8603,2628,13679,2383,951
48405,San Augustine,Haynesville,Decline,"3,023,884",Large,207741,885361,632981,395842,199552,81051,49831,36957,20525,10487,12387,10843,5693,6467,8725,51433,32401,67184,30712,30712,18347,106785,41134,24647,22718,17328,16040
48407,San Jacinto,None,Scatter,"1,582,501",Large,61733,44802,67962,40219,32655,27412,25821,25215,36515,38225,29929,49297,39639,37014,38740,29683,32524,85616,141737,141737,147722,116676,79700,65712,54864,50815,40537
48409,San Patricio,None,ERROR,"14,852,614",Large,1081809,959503,952184,850010,806646,789362,706604,646403,549986,483862,447183,471322,458599,429701,435422,404877,360739,446912,415873,415873,427999,484205,397115,305994,320535,426377,377519
48411,San Saba,None,None,0,Small,0,0,0,0,0,0,0,0,0,0,0,0,0,0,0,0,0,0,0,0,0,0,0,0,0,0,0
48413,Schleicher,Permian,Scatter,"12,297,239",Large,612996,564864,595517,565243,565628,539154,500249,535350,484934,480045,478650,410500,360867,340075,376357,387729,388949,404547,434926,434926,489433,519759,457880,434834,364758,304057,265012
48415,Scurry,Permian,Peak,"335,607,072",Large,10064113,8814215,7580971,7337710,6841444,6545052,6787335,7253025,7466537,9030430,11483715,14507838,16299871,15777260,14768550,14910753,15413547,14543289,15061198,15061198,15600363,16942494,17029165,15159544,14739751,15309890,15277814
48417,Shackelford,None,Decline,"22,446,540",Large,1450505,1500540,1431100,1269737,1299252,1234597,1050214,1048992,968802,866051,840643,787649,713661,670628,670025,701739,709309,682606,638329,638329,613657,570637,500378,430917,414767,391432,352044
48419,Shelby,Haynesville,Decline,"1,814,864",Large,49327,41508,32887,39468,29001,37128,23981,22037,24113,35205,65082,56189,64144,89331,141799,142734,380508,132367,75643,75643,58825,46885,35030,32344,30286,28270,25129
48421,Sherman,Anadarko,Decline,"3,859,612",Large,398232,325305,281390,292397,278387,231709,209000,197286,189246,150358,126834,111768,103727,100395,92574,94491,76276,54135,55008,55008,62511,59652,66520,63559,59963,60541,63340
48423,Smith,Haynesville,Peak,"36,819,145",Large,2197507,1966579,1904215,1866772,1687766,1586149,1290691,1162035,1139594,1141600,1373548,1327944,1210801,1247558,1238759,1203137,1158511,1082103,1316774,1316774,1305137,1376708,1198403,1066759,1036354,1144881,1272086
48425,Somervell,Barnett,None,0,Small,0,0,0,0,0,0,0,0,0,0,0,0,0,0,0,0,0,0,0,0,0,0,0,0,0,0,0
48427,Starr,None,ERROR,"15,205,688",Large,647137,591231,477044,417465,475739,620440,844688,1750601,935977,880647,701022,594667,611671,524029,462785,392789,346529,364756,351338,351338,409003,518097,417613,330477,366298,485427,336880
48429,Stephens,None,Decline,"72,687,746",Large,4812176,4582665,4230786,3925664,3800880,3527744,3242870,3067258,2778156,2392751,2247933,2293520,2286857,2236660,2255811,2292605,2208799,2116736,2100216,2100216,2156902,2282030,2224890,1992589,1915285,1826089,1789658
48431,Sterling,Permian,Decline,"32,654,193",Large,2570110,2027459,1665325,1430054,1439932,1270728,1077679,1006275,1009727,973350,985441,985200,1178944,1110390,1168427,1044042,1144521,1050605,1196329,1196329,1306545,1529515,1146435,921445,820749,727524,671113
48433,Stonewall,Permian,Peak,"50,088,810",Large,3607375,3134979,2754715,2696389,2487882,2098453,1715888,1762896,1603173,1439827,1326193,1199438,1037139,1004478,895355,967313,999962,1199222,1694083,1694083,1820365,2327331,2377717,2256786,2170606,2040768,1776394
48435,Sutton,Permian,Decline,"968,024",Large,29316,27761,23954,22702,22238,20272,17379,18695,18849,18398,10603,12701,15254,14285,12845,13266,16084,42864,140556,140556,105493,68572,48026,31352,27265,20278,28460
48437,Swisher,None,None,0,Small,0,0,0,0,0,0,0,0,0,0,0,0,0,0,0,0,0,0,0,0,0,0,0,0,0,0,0
48439,Tarrant,Barnett,None,0,Small,0,0,0,0,0,0,0,0,0,0,0,0,0,0,0,0,0,0,0,0,0,0,0,0,0,0,0
48441,Taylor,Permian,Decline,"15,708,537",Large,997794,858796,821079,946538,1089107,886576,677580,671869,660381,604542,574377,555757,535902,509696,479961,456968,393687,412798,393589,393589,417355,424441,385242,386804,420809,404800,348500
48443,Terrell,Permian,Scatter,"1,015,235",Large,34812,41580,161570,67687,70184,28880,33975,27623,32054,56723,48515,25468,31829,21475,17106,15564,15719,11168,9143,9143,4952,22483,51272,71991,42283,32444,29592
48445,Terry,Permian,Decline,"121,904,613",Large,6096972,5976874,5539071,5513573,5436615,5018149,4516641,4834493,4898673,4767812,4698968,4372891,4187740,4085105,4009524,4275362,4298014,4273689,4197466,4197466,4382473,4212973,4051769,3974446,3653644,3400028,3034182
48447,Throckmorton,None,ERROR,"29,040,119",Large,1735601,1591577,1616643,1576097,1651765,1651108,1633822,1398291,1187206,1122288,1041274,917100,849655,796323,705923,666119,586650,575158,634459,634459,749735,1250514,1289443,860931,758524,869135,690319
48449,Titus,None,Decline,"14,752,138",Large,1028720,678586,656849,662655,692788,592464,529802,574864,523362,516577,473916,501834,503931,489633,453910,483075,453356,438205,466555,466555,557125,586338,589640,522086,478866,426669,403777
48451,Tom Green,Permian,ERROR,"17,434,387",Large,1824931,1465730,1169332,999917,769874,656059,612940,589014,512988,479336,416965,413247,488610,590171,612428,630874,665929,451327,458617,458617,455675,415315,462434,443934,410085,502360,477678
48453,Travis,None,Scatter,"85,544",Small,3722,2993,2795,2646,3549,7328,5098,2799,2986,1673,856,866,1450,1773,1881,1909,1814,4177,3403,3403,2999,2895,4524,5202,4592,3930,4281
48455,Trinity,None,Decline,"1,302,539",Large,57640,47935,46608,44347,37006,24364,24740,29509,26807,30151,60293,80392,88376,83045,61033,72175,73472,67053,56226,56226,48903,47524,39932,32571,23575,23339,19297
48457,Tyler,None,Scatter,"11,443,476",Large,501538,528497,441928,494524,461604,361185,279323,319670,348509,337298,424157,289384,298807,310387,265302,303288,303715,340253,413750,413750,578216,612931,719417,688374,546861,469156,391652
48459,Upshur,Haynesville,Decline,"4,017,518",Large,205352,194003,183953,206189,198165,184290,167386,172832,184952,143236,148547,153940,150026,152307,156005,139765,133846,131383,126265,126265,123306,137658,131846,104627,91247,89084,81043
48461,Upton,Permian,Growth,"586,203,700",Large,12329594,12289227,11657053,11104269,10913105,9950565,9358207,11301096,10143873,8053846,7279479,7562890,9490811,10163541,11636344,14162706,14992336,19104940,23369714,23369714,26217325,34054398,41900234,46454776,53061233,63192078,73090346
48463,Uvalde,None,None,0,Small,0,0,0,0,0,0,0,0,0,0,0,0,0,0,0,0,0,0,0,0,0,0,0,0,0,0,0
48465,Val Verde,Permian,Scatter,"25,351",Small,227,516,595,528,428,590,504,588,1048,1663,928,142,1497,1732,1173,1128,939,850,663,663,1583,2964,205,205,694,1992,1306
48467,Van Zandt,None,ERROR,"31,389,435",Large,2182888,2097204,2037088,1779069,1942187,2578397,2229724,2197199,1743779,1331453,1167505,1008150,936981,827760,764062,713736,637845,508701,507659,507659,551882,597925,539119,585905,484724,481982,448852
48469,Victoria,None,ERROR,"23,024,792",Large,1360993,1251026,1104999,991909,879448,871848,884710,889665,767273,643123,616914,708355,653723,674831,650547,738643,649678,564468,537002,537002,596793,677669,704146,654124,829514,1880351,1706038
48471,Walker,Eagle Ford,Growth,"440,504",Large,5522,5280,4363,3786,6833,4911,3945,3796,2529,3276,3050,2991,3084,3082,1967,1801,1731,1677,2227,2227,72035,57791,34338,17306,81540,44020,65396
48473,Waller,None,ERROR,"15,217,946",Large,67256,70241,56130,52511,88967,169740,1138561,1319967,1098390,1019069,1435892,1446763,1136987,980172,787053,589260,471371,404031,451895,451895,394332,379674,306084,270740,271765,207055,152145
48475,Ward,Permian,Growth,"357,266,575",Large,6590464,6032195,5768451,6222320,7084223,7510533,6159912,5877255,5391932,4975622,4656813,4413187,4679216,5300107,5845457,7571118,8805509,13954944,19676216,19676216,23093371,24266497,23356782,21228799,24140753,36403625,48585058
48477,Washington,None,ERROR,"14,257,439",Large,1248193,1163465,845805,662498,533447,440352,355401,440988,537107,535719,650758,544434,465604,409505,379045,338925,288732,286915,287625,287625,490443,698995,493367,378750,322397,719555,451789
48479,Webb,Eagle Ford,Decline,"7,310,875",Large,344778,335752,295303,294288,341664,271505,213769,194343,181336,168657,177774,158045,162480,150208,126677,123904,117371,122982,174568,174568,289064,790299,795924,405624,332043,305592,262357
48481,Wharton,None,Decline,"35,119,570",Large,2113586,1999064,1939695,1852550,1728921,1573501,1375934,1242976,1154711,1200903,1300334,1249529,1253897,1215704,1181711,1110055,1057560,1080345,1151208,1151208,1320288,1406819,1237946,978015,799598,767724,675788
48483,Wheeler,Anadarko,Decline,"40,247,722",Large,666242,611621,569386,575180,518131,491977,429746,401707,369517,343760,332436,343623,355081,355314,332169,466882,1221303,2925791,5353417,5353417,5280196,4593143,2655073,1746190,1515074,1309587,1131759
48485,Wichita,None,Decline,"62,660,899",Large,3500034,3373187,3254330,3127671,3101110,2931092,2380284,2352241,2172021,2148140,2113641,2157238,2141282,2123260,2052577,2128237,2251792,2187611,2175934,2175934,2085897,2130373,1899538,1837346,1720194,1609060,1530875
48487,Wilbarger,None,ERROR,"20,730,729",Large,921925,872587,898387,930710,913367,860498,664479,641273,646276,609533,594832,637542,744924,806926,731526,705767,655437,790343,757723,757723,821668,918146,876065,793602,737241,703362,738867
48489,Willacy,None,Decline,"12,228,381",Large,852367,739454,626550,627606,699577,665989,575599,508175,497525,542632,558508,556583,489836,425933,445880,392828,382714,338318,306100,306100,292575,331680,325115,220663,184587,160009,175478
48491,Williamson,None,Scatter,"278,604",Large,12955,12403,14341,14639,11761,10959,10145,11301,10721,7285,7794,7881,8966,8415,8186,14311,10216,9442,7662,7662,11335,17768,11128,8268,8498,7528,7034
48493,Wilson,Eagle Ford,Peak,"31,952,141",Large,1396580,1026993,850086,666998,609153,570315,544428,435793,377871,331449,337058,282438,284579,292076,273776,283177,232881,1342553,2606616,2606616,3918627,3783539,2396077,1650641,1396406,1297136,2158279
48495,Winkler,Permian,Growth,"152,098,736",Large,4763791,4612517,4600185,4986947,5323080,4956279,4492852,4369119,4192266,4311577,4137118,3578601,3598532,4252349,3894657,3688676,3546321,3242477,3684223,3684223,4419058,4985165,5487230,6078209,9506166,16152348,21554770
48497,Wise,Barnett,Decline,"11,996,995",Large,920933,979056,840615,731035,621729,589915,527443,495642,418864,374927,378617,349816,396390,434656,450268,510275,420732,285885,273543,273543,322264,382860,280903,218844,184283,161065,172892
48499,Wood,Haynesville,ERROR,"134,083,573",Large,9455517,8617404,7811506,6931633,6358217,6337079,6293458,6975418,6408047,5810923,5248441,4585241,4344837,4281526,3924316,3562633,3136424,3208151,3486150,3486150,3459276,3569482,3413356,3392406,3426276,3323855,3235851
48501,Yoakum,Permian,ERROR,"688,617,441",Large,31642311,30601800,30054857,30036027,30255973,29302915,27616370,26401096,25343482,24681678,24757188,25209340,25505871,25039907,23730647,23555303,22499840,21327855,21342245,21342245,21808866,21864647,23000192,23350175,24061740,27468825,26816046
48503,Young,None,Decline,"39,587,860",Large,2466857,2301972,2202345,2105668,1995849,1862945,1743010,1714668,1536610,1509507,1414898,1342305,1260235,1274624,1236403,1349222,1287594,1160239,1233423,1233423,1244601,1305594,1087180,959070,936034,935309,888275
48505,Zapata,None,Scatter,"1,529,530",Large,78163,65089,71542,72565,62148,51836,41596,55501,48941,43712,35476,34470,34061,37229,45336,34043,18882,27285,39764,39764,102736,124803,105760,75914,63040,64316,55558
48507,Zavala,Eagle Ford,Peak,"70,720,360",Large,2721905,1522940,944867,720853,525039,384632,471885,490335,380644,299520,347353,581352,864063,782355,1060034,715603,457124,818228,3168690,3168690,5227930,6963610,10229584,8165530,6539317,6132445,7035832
,,,,,,,,,,,,,,,,,,,,,,,,,,,,,,,,
,,,,,,,,,,,,,,,,,,,,,,,,,,,,,,,,
,,,,,,,,,,,,,,,,,,,,,,,,,,,,,,,,
,,,,,,,,,,,,,,,,,,,,,,,,,,,,,,,,
,,,,,,,,,,,,,,,,,,,,,,,,,,,,,,,,
,,,,,,,,,,,,,,,,,,,,,,,,,,,,,,,,
,,,,,,,,,,,,,,,,,,,,,,,,,,,,,,,,
,,,,,,,,,,,,,,,,,,,,,,,,,,,,,,,,
,,,,,,,,,,,,,,,,,,,,,,,,,,,,,,,,
,,,,,,,,,,,,,,,,,,,,,,,,,,,,,,,,
,,,,,,,,,,,,,,,,,,,,,,,,,,,,,,,,
,,,,,,,,,,,,,,,,,,,,,,,,,,,,,,,,
,,,,,,,,,,,,,,,,,,,,,,,,,,,,,,,,
,,,,,,,,,,,,,,,,,,,,,,,,,,,,,,,,
,,,,,,,,,,,,,,,,,,,,,,,,,,,,,,,,
,,,,,,,,,,,,,,,,,,,,,,,,,,,,,,,,
,,,,,,,,,,,,,,,,,,,,,,,,,,,,,,,,
,,,,,,,,,,,,,,,,,,,,,,,,,,,,,,,,
,,,,,,,,,,,,,,,,,,,,,,,,,,,,,,,,
,,,,,,,,,,,,,,,,,,,,,,,,,,,,,,,,
,,,,,,,,,,,,,,,,,,,,,,,,,,,,,,,,
,,,,,,,,,,,,,,,,,,,,,,,,,,,,,,,,
,,,,,,,,,,,,,,,,,,,,,,,,,,,,,,,,
,,,,,,,,,,,,,,,,,,,,,,,,,,,,,,,,
,,,,,,,,,,,,,,,,,,,,,,,,,,,,,,,,
,,,,,,,,,,,,,,,,,,,,,,,,,,,,,,,,
,,,,,,,,,,,,,,,,,,,,,,,,,,,,,,,,
,,,,,,,,,,,,,,,,,,,,,,,,,,,,,,,,
,,,,,,,,,,,,,,,,,,,,,,,,,,,,,,,,
,,,,,,,,,,,,,,,,,,,,,,,,,,,,,,,,
,,,,,,,,,,,,,,,,,,,,,,,,,,,,,,,,
,,,,,,,,,,,,,,,,,,,,,,,,,,,,,,,,
,,,,,,,,,,,,,,,,,,,,,,,,,,,,,,,,
,,,,,,,,,,,,,,,,,,,,,,,,,,,,,,,,
,,,,,,,,,,,,,,,,,,,,,,,,,,,,,,,,
,,,,,,,,,,,,,,,,,,,,,,,,,,,,,,,,
,,,,,,,,,,,,,,,,,,,,,,,,,,,,,,,,
,,,,,,,,,,,,,,,,,,,,,,,,,,,,,,,,
,,,,,,,,,,,,,,,,,,,,,,,,,,,,,,,,
,,,,,,,,,,,,,,,,,,,,,,,,,,,,,,,,
,,,,,,,,,,,,,,,,,,,,,,,,,,,,,,,,
,,,,,,,,,,,,,,,,,,,,,,,,,,,,,,,,
,,,,,,,,,,,,,,,,,,,,,,,,,,,,,,,,
,,,,,,,,,,,,,,,,,,,,,,,,,,,,,,,,
,,,,,,,,,,,,,,,,,,,,,,,,,,,,,,,,
,,,,,,,,,,,,,,,,,,,,,,,,,,,,,,,,
,,,,,,,,,,,,,,,,,,,,,,,,,,,,,,,,
,,,,,,,,,,,,,,,,,,,,,,,,,,,,,,,,
,,,,,,,,,,,,,,,,,,,,,,,,,,,,,,,,
,,,,,,,,,,,,,,,,,,,,,,,,,,,,,,,,
,,,,,,,,,,,,,,,,,,,,,,,,,,,,,,,,
,,,,,,,,,,,,,,,,,,,,,,,,,,,,,,,,
,,,,,,,,,,,,,,,,,,,,,,,,,,,,,,,,
,,,,,,,,,,,,,,,,,,,,,,,,,,,,,,,,
,,,,,,,,,,,,,,,,,,,,,,,,,,,,,,,,
,,,,,,,,,,,,,,,,,,,,,,,,,,,,,,,,
,,,,,,,,,,,,,,,,,,,,,,,,,,,,,,,,
,,,,,,,,,,,,,,,,,,,,,,,,,,,,,,,,
,,,,,,,,,,,,,,,,,,,,,,,,,,,,,,,,
,,,,,,,,,,,,,,,,,,,,,,,,,,,,,,,,
,,,,,,,,,,,,,,,,,,,,,,,,,,,,,,,,
,,,,,,,,,,,,,,,,,,,,,,,,,,,,,,,,
,,,,,,,,,,,,,,,,,,,,,,,,,,,,,,,,
,,,,,,,,,,,,,,,,,,,,,,,,,,,,,,,,
,,,,,,,,,,,,,,,,,,,,,,,,,,,,,,,,
,,,,,,,,,,,,,,,,,,,,,,,,,,,,,,,,
,,,,,,,,,,,,,,,,,,,,,,,,,,,,,,,,
,,,,,,,,,,,,,,,,,,,,,,,,,,,,,,,,
,,,,,,,,,,,,,,,,,,,,,,,,,,,,,,,,
,,,,,,,,,,,,,,,,,,,,,,,,,,,,,,,,
,,,,,,,,,,,,,,,,,,,,,,,,,,,,,,,,
,,,,,,,,,,,,,,,,,,,,,,,,,,,,,,,,
,,,,,,,,,,,,,,,,,,,,,,,,,,,,,,,,
,,,,,,,,,,,,,,,,,,,,,,,,,,,,,,,,
,,,,,,,,,,,,,,,,,,,,,,,,,,,,,,,,
,,,,,,,,,,,,,,,,,,,,,,,,,,,,,,,,
,,,,,,,,,,,,,,,,,,,,,,,,,,,,,,,,
,,,,,,,,,,,,,,,,,,,,,,,,,,,,,,,,
,,,,,,,,,,,,,,,,,,,,,,,,,,,,,,,,
,,,,,,,,,,,,,,,,,,,,,,,,,,,,,,,,
,,,,,,,,,,,,,,,,,,,,,,,,,,,,,,,,
,,,,,,,,,,,,,,,,,,,,,,,,,,,,,,,,
,,,,,,,,,,,,,,,,,,,,,,,,,,,,,,,,
,,,,,,,,,,,,,,,,,,,,,,,,,,,,,,,,
,,,,,,,,,,,,,,,,,,,,,,,,,,,,,,,,
,,,,,,,,,,,,,,,,,,,,,,,,,,,,,,,,
,,,,,,,,,,,,,,,,,,,,,,,,,,,,,,,,
,,,,,,,,,,,,,,,,,,,,,,,,,,,,,,,,
,,,,,,,,,,,,,,,,,,,,,,,,,,,,,,,,
,,,,,,,,,,,,,,,,,,,,,,,,,,,,,,,,
,,,,,,,,,,,,,,,,,,,,,,,,,,,,,,,,
,,,,,,,,,,,,,,,,,,,,,,,,,,,,,,,,
,,,,,,,,,,,,,,,,,,,,,,,,,,,,,,,,
,,,,,,,,,,,,,,,,,,,,,,,,,,,,,,,,
,,,,,,,,,,,,,,,,,,,,,,,,,,,,,,,,
,,,,,,,,,,,,,,,,,,,,,,,,,,,,,,,,
,,,,,,,,,,,,,,,,,,,,,,,,,,,,,,,,
,,,,,,,,,,,,,,,,,,,,,,,,,,,,,,,,
,,,,,,,,,,,,,,,,,,,,,,,,,,,,,,,,
,,,,,,,,,,,,,,,,,,,,,,,,,,,,,,,,
,,,,,,,,,,,,,,,,,,,,,,,,,,,,,,,,
,,,,,,,,,,,,,,,,,,,,,,,,,,,,,,,,
,,,,,,,,,,,,,,,,,,,,,,,,,,,,,,,,
,,,,,,,,,,,,,,,,,,,,,,,,,,,,,,,,
,,,,,,,,,,,,,,,,,,,,,,,,,,,,,,,,
,,,,,,,,,,,,,,,,,,,,,,,,,,,,,,,,
,,,,,,,,,,,,,,,,,,,,,,,,,,,,,,,,
,,,,,,,,,,,,,,,,,,,,,,,,,,,,,,,,
,,,,,,,,,,,,,,,,,,,,,,,,,,,,,,,,
,,,,,,,,,,,,,,,,,,,,,,,,,,,,,,,,
,,,,,,,,,,,,,,,,,,,,,,,,,,,,,,,,
,,,,,,,,,,,,,,,,,,,,,,,,,,,,,,,,
,,,,,,,,,,,,,,,,,,,,,,,,,,,,,,,,
,,,,,,,,,,,,,,,,,,,,,,,,,,,,,,,,
,,,,,,,,,,,,,,,,,,,,,,,,,,,,,,,,
,,,,,,,,,,,,,,,,,,,,,,,,,,,,,,,,
,,,,,,,,,,,,,,,,,,,,,,,,,,,,,,,,
,,,,,,,,,,,,,,,,,,,,,,,,,,,,,,,,
,,,,,,,,,,,,,,,,,,,,,,,,,,,,,,,,
,,,,,,,,,,,,,,,,,,,,,,,,,,,,,,,,
,,,,,,,,,,,,,,,,,,,,,,,,,,,,,,,,
