,Unnamed: 0,Unnamed: 0.1,Unnamed: 0.1.1,Unnamed: 0.1.1.1,Unnamed: 0.1.1.1.1,Unnamed: 0.1.1.1.1.1,Unnamed: 0.1.1.1.1.1.1,Unnamed: 0.1.1.1.1.1.1.1,Unnamed: 0.1.1.1.1.1.1.1.1,Unnamed: 0.1.1.1.1.1.1.1.1.1,Unnamed: 0.1.1.1.1.1.1.1.1.1.1,Unnamed: 0.1.1.1.1.1.1.1.1.1.1.1,Unnamed: 0.1.1.1.1.1.1.1.1.1.1.1.1,Unnamed: 0.1.1.1.1.1.1.1.1.1.1.1.1.1,Unnamed: 0.1.1.1.1.1.1.1.1.1.1.1.1.1.1,Unnamed: 0.1.1.1.1.1.1.1.1.1.1.1.1.1.1.1,Unnamed: 0.1.1.1.1.1.1.1.1.1.1.1.1.1.1.1.1,Unnamed: 0.1.1.1.1.1.1.1.1.1.1.1.1.1.1.1.1.1,Unnamed: 0.1.1.1.1.1.1.1.1.1.1.1.1.1.1.1.1.1.1,Unnamed: 0.1.1.1.1.1.1.1.1.1.1.1.1.1.1.1.1.1.1.1,FIPS,County,Year,Oil (bbl),Casinghead (mcf),GW Gas (mcf),Condensate (bbl),Daily Rate (bbl/day),Oil (Million BBL),Daily Oil Rate (Thousand BBL/DAY),Growth Rate (%),Daily,Counties Over 1000 BBL since 2010,Counties Over 1000 BBL,Cumulative Oil (bbl),Natural Gas from Gas Wells (Billion Cubic Feet)
0,0,0,0,0,0,0,0,0,0,0,0,0,0,0,0,0,0,0,0,0,48001,Anderson,2013,638039.0,1190581,3036578,47676,1748.052055,0.638039,1.7480520547945206,3,1.7480520547945206,0.0,0.0,10400329.0,3.036578
1,1,1,1,1,1,1,1,1,1,1,1,1,1,1,1,1,1,1,1,1,48003,Andrews,2013,34579913.0,51968942,723292,6227,94739.48767,34.579913,94.73948767123287,3,94.73948767123287,0.0,0.0,377855372.0,0.723292
2,2,2,2,2,2,2,2,2,2,2,2,2,2,2,2,2,2,2,2,2,48005,Angelina,2013,0.0,0,9125784,6377,0.0,0.0,0.0,-100,0.0,0.0,0.0,59590.0,9.125784
3,3,3,3,3,3,3,3,3,3,3,3,3,3,3,3,3,3,3,3,3,48007,Aransas,2013,85200.0,389379,5394860,125638,233.42465750000002,0.0852,0.2334246575342465,-21,0.2334246575342465,0.0,0.0,1235809.0,5.39486
4,4,4,4,4,4,4,4,4,4,4,4,4,4,4,4,4,4,4,4,4,48009,Archer,2013,1268397.0,518605,10413,94,3475.0602740000004,1.268397,3.475060273972603,9,3.475060273972603,0.0,0.0,16564655.0,0.010413
5,5,5,5,5,5,5,5,5,5,5,5,5,5,5,5,5,5,5,5,5,48011,Armstrong,2013,0.0,0,0,0,0.0,0.0,0.0,0,0.0,0.0,0.0,0.0,0.0
6,6,6,6,6,6,6,6,6,6,6,6,6,6,6,6,6,6,6,6,6,48013,Atascosa,2013,13517657.0,11764338,3765265,30960,37034.67671,13.517657,37.034676712328775,79,37.034676712328775,0.0,0.0,38295563.0,3.765265
7,7,7,7,7,7,7,7,7,7,7,7,7,7,7,7,7,7,7,7,7,48015,Austin,2013,528003.0,221331,3790270,43727,1446.583562,0.528003,1.4465835616438356,1,1.4465835616438356,0.0,0.0,4880996.0,3.79027
8,8,8,8,8,8,8,8,8,8,8,8,8,8,8,8,8,8,8,8,8,48017,Bailey,2013,0.0,0,0,0,0.0,0.0,0.0,0,0.0,0.0,0.0,0.0,0.0
9,9,9,9,9,9,9,9,9,9,9,9,9,9,9,9,9,9,9,9,9,48019,Bandera,2013,867.0,2259,33637,0,2.3753424659999998,0.000867,0.0023753424657534244,-41,0.0023753424657534244,0.0,0.0,28803.0,0.033637
10,10,10,10,10,10,10,10,10,10,10,10,10,10,10,10,10,10,10,10,10,48021,Bastrop,2013,133598.0,108327,99697,5365,366.02191780000004,0.133598,0.3660219178082192,42,0.3660219178082192,0.0,0.0,2289056.0,0.099697
11,11,11,11,11,11,11,11,11,11,11,11,11,11,11,11,11,11,11,11,11,48023,Baylor,2013,128746.0,1852,0,0,352.7287671,0.128746,0.3527287671232877,18,0.3527287671232877,0.0,0.0,1667868.0,0.0
12,12,12,12,12,12,12,12,12,12,12,12,12,12,12,12,12,12,12,12,12,48025,Bee,2013,326544.0,800884,20918118,222454,894.6410958999999,0.326544,0.8946410958904109,-4,0.8946410958904109,0.0,0.0,5236342.0,20.918118
13,13,13,13,13,13,13,13,13,13,13,13,13,13,13,13,13,13,13,13,13,48027,Bell,2013,0.0,0,0,0,0.0,0.0,0.0,0,0.0,0.0,0.0,0.0,0.0
14,14,14,14,14,14,14,14,14,14,14,14,14,14,14,14,14,14,14,14,14,48029,Bexar,2013,125419.0,44,0,0,343.6136986,0.125419,0.34361369863013697,5,0.34361369863013697,0.0,0.0,1781182.0,0.0
15,15,15,15,15,15,15,15,15,15,15,15,15,15,15,15,15,15,15,15,15,48031,Blanco,2013,0.0,0,0,0,0.0,0.0,0.0,0,0.0,0.0,0.0,0.0,0.0
16,16,16,16,16,16,16,16,16,16,16,16,16,16,16,16,16,16,16,16,16,48033,Borden,2013,3780489.0,2613926,0,0,10357.50411,3.780489,10.357504109589039,5,10.357504109589039,0.0,0.0,56666263.0,0.0
17,17,17,17,17,17,17,17,17,17,17,17,17,17,17,17,17,17,17,17,17,48035,Bosque,2013,0.0,0,0,0,0.0,0.0,0.0,0,0.0,0.0,0.0,0.0,0.0
18,18,18,18,18,18,18,18,18,18,18,18,18,18,18,18,18,18,18,18,18,48037,Bowie,2013,46872.0,11654,101506,9560,128.4164384,0.046872,0.1284164383561644,0,0.1284164383561644,0.0,0.0,1260806.0,0.101506
19,19,19,19,19,19,19,19,19,19,19,19,19,19,19,19,19,19,19,19,19,48039,Brazoria,2013,3086435.0,1999143,12147372,292890,8455.986301,3.086435,8.455986301369864,33,8.455986301369864,0.0,0.0,27945943.0,12.147372
20,20,20,20,20,20,20,20,20,20,20,20,20,20,20,20,20,20,20,20,20,48041,Brazos,2013,4904891.0,5730297,2234196,22233,13438.057530000002,4.904891,13.438057534246573,89,13.438057534246573,0.0,0.0,32641834.0,2.234196
21,21,21,21,21,21,21,21,21,21,21,21,21,21,21,21,21,21,21,21,21,48043,Brewster,2013,89.0,0,0,0,0.243835616,8.9e-05,0.00024383561643835612,-31,0.00024383561643835612,0.0,0.0,1491.0,0.0
22,22,22,22,22,22,22,22,22,22,22,22,22,22,22,22,22,22,22,22,22,48045,Briscoe,2013,19.0,0,0,0,0.052054795,1.9e-05,5.205479452054794e-05,0,5.205479452054794e-05,0.0,0.0,2809.0,0.0
23,23,23,23,23,23,23,23,23,23,23,23,23,23,23,23,23,23,23,23,23,48047,Brooks,2013,148848.0,252906,27334337,651988,407.80273969999996,0.148848,0.4078027397260274,-22,0.4078027397260274,0.0,0.0,3052771.0,27.334337
24,24,24,24,24,24,24,24,24,24,24,24,24,24,24,24,24,24,24,24,24,48049,Brown,2013,125480.0,356126,779893,1618,343.7808219,0.12548,0.34378082191780823,-8,0.34378082191780823,0.0,0.0,1675907.0,0.7798930000000001
25,25,25,25,25,25,25,25,25,25,25,25,25,25,25,25,25,25,25,25,25,48051,Burleson,2013,1752779.0,6870295,1229497,22027,4802.134247,1.752779,4.802134246575342,5,4.802134246575342,0.0,0.0,33358546.0,1.2294969999999998
26,26,26,26,26,26,26,26,26,26,26,26,26,26,26,26,26,26,26,26,26,48053,Burnet,2013,0.0,0,0,0,0.0,0.0,0.0,0,0.0,0.0,0.0,0.0,0.0
27,27,27,27,27,27,27,27,27,27,27,27,27,27,27,27,27,27,27,27,27,48055,Caldwell,2013,1757263.0,314421,9516,0,4814.419178,1.757263,4.814419178082192,0,4.814419178082192,0.0,0.0,16106761.0,0.009516
28,28,28,28,28,28,28,28,28,28,28,28,28,28,28,28,28,28,28,28,28,48057,Calhoun,2013,166115.0,372195,4394169,134360,455.10958899999997,0.166115,0.4551095890410959,5,0.4551095890410959,0.0,0.0,4101327.0,4.3941690000000015
29,29,29,29,29,29,29,29,29,29,29,29,29,29,29,29,29,29,29,29,29,48059,Callahan,2013,178561.0,352787,557491,3306,489.2082192,0.178561,0.4892082191780822,-13,0.4892082191780822,0.0,0.0,3007961.0,0.557491
30,30,30,30,30,30,30,30,30,30,30,30,30,30,30,30,30,30,30,30,30,48061,Cameron,2013,0.0,0,463242,501,0.0,0.0,0.0,-100,0.0,0.0,0.0,7479.0,0.463242
31,31,31,31,31,31,31,31,31,31,31,31,31,31,31,31,31,31,31,31,31,48063,Camp,2013,193354.0,0,506723,25,529.7369863,0.193354,0.5297369863013699,9,0.5297369863013699,0.0,0.0,3806160.0,0.5067229999999999
32,32,32,32,32,32,32,32,32,32,32,32,32,32,32,32,32,32,32,32,32,48065,Carson,2013,198015.0,1211484,11710916,17336,542.5068493,0.198015,0.5425068493150685,-8,0.5425068493150685,0.0,0.0,4183845.0,11.710916
33,33,33,33,33,33,33,33,33,33,33,33,33,33,33,33,33,33,33,33,33,48067,Cass,2013,286900.0,311188,725912,18277,786.0273973,0.2869,0.7860273972602739,7,0.7860273972602739,0.0,0.0,4394678.0,0.725912
34,34,34,34,34,34,34,34,34,34,34,34,34,34,34,34,34,34,34,34,34,48069,Castro,2013,0.0,0,0,0,0.0,0.0,0.0,0,0.0,0.0,0.0,0.0,0.0
35,35,35,35,35,35,35,35,35,35,35,35,35,35,35,35,35,35,35,35,35,48071,Chambers,2013,3100940.0,908575,3722146,128157,8495.726026999999,3.10094,8.495726027397259,77,8.495726027397259,0.0,0.0,17486534.0,3.722146
36,36,36,36,36,36,36,36,36,36,36,36,36,36,36,36,36,36,36,36,36,48073,Cherokee,2013,290455.0,724486,17495536,124628,795.7671232999999,0.290455,0.7957671232876712,37,0.7957671232876712,0.0,0.0,2888929.0,17.495535999999998
37,37,37,37,37,37,37,37,37,37,37,37,37,37,37,37,37,37,37,37,37,48075,Childress,2013,10543.0,0,0,0,28.88493151,0.010543,0.02888493150684932,-32,0.02888493150684932,0.0,0.0,376982.0,0.0
38,38,38,38,38,38,38,38,38,38,38,38,38,38,38,38,38,38,38,38,38,48077,Clay,2013,526356.0,849011,106767,5466,1442.0712330000001,0.526356,1.4420712328767122,-4,1.4420712328767122,0.0,0.0,9533167.0,0.106767
39,39,39,39,39,39,39,39,39,39,39,39,39,39,39,39,39,39,39,39,39,48079,Cochran,2013,3336961.0,1973066,145950,508,9142.358904,3.336961,9.142358904109587,-7,9.142358904109587,0.0,0.0,54490275.0,0.14595
40,40,40,40,40,40,40,40,40,40,40,40,40,40,40,40,40,40,40,40,40,48081,Coke,2013,722128.0,3767196,229733,1579,1978.432877,0.722128,1.9784328767123287,-7,1.9784328767123287,0.0,0.0,8604476.0,0.229733
41,41,41,41,41,41,41,41,41,41,41,41,41,41,41,41,41,41,41,41,41,48083,Coleman,2013,295491.0,617773,700946,2650,809.5643836,0.295491,0.8095643835616438,0,0.8095643835616438,0.0,0.0,4107746.0,0.700946
42,42,42,42,42,42,42,42,42,42,42,42,42,42,42,42,42,42,42,42,42,48085,Collin,2013,0.0,0,0,0,0.0,0.0,0.0,0,0.0,0.0,0.0,0.0,0.0
43,43,43,43,43,43,43,43,43,43,43,43,43,43,43,43,43,43,43,43,43,48087,Collingsworth,2013,14541.0,139590,1134582,0,39.83835616,0.014541,0.03983835616438356,76,0.03983835616438356,0.0,0.0,58733.0,1.134582
44,44,44,44,44,44,44,44,44,44,44,44,44,44,44,44,44,44,44,44,44,48089,Colorado,2013,144772.0,433438,14145077,349048,396.6356164,0.144772,0.39663561643835615,-1,0.39663561643835615,0.0,0.0,2874958.0,14.145077
45,45,45,45,45,45,45,45,45,45,45,45,45,45,45,45,45,45,45,45,45,48091,Comal,2013,0.0,0,0,0,0.0,0.0,0.0,0,0.0,0.0,0.0,0.0,0.0
46,46,46,46,46,46,46,46,46,46,46,46,46,46,46,46,46,46,46,46,46,48093,Comanche,2013,40708.0,110545,488070,1285,111.52876709999998,0.040708,0.11152876712328767,28,0.11152876712328767,0.0,0.0,218837.0,0.48807
47,47,47,47,47,47,47,47,47,47,47,47,47,47,47,47,47,47,47,47,47,48095,Concho,2013,308198.0,177009,355658,1637,844.3780822000001,0.308198,0.8443780821917808,-3,0.8443780821917808,0.0,0.0,7323269.0,0.355658
48,48,48,48,48,48,48,48,48,48,48,48,48,48,48,48,48,48,48,48,48,48097,Cooke,2013,1691871.0,2063039,23879652,1518903,4635.263014,1.691871,4.63526301369863,-2,4.63526301369863,0.0,0.0,24186377.0,23.879652
49,49,49,49,49,49,49,49,49,49,49,49,49,49,49,49,49,49,49,49,49,48099,Coryell,2013,0.0,0,0,0,0.0,0.0,0.0,0,0.0,0.0,0.0,0.0,0.0
50,50,50,50,50,50,50,50,50,50,50,50,50,50,50,50,50,50,50,50,50,48101,Cottle,2013,92222.0,25312,3546254,47281,252.66301370000002,0.092222,0.2526630136986301,-7,0.2526630136986301,0.0,0.0,920183.0,3.546254
51,51,51,51,51,51,51,51,51,51,51,51,51,51,51,51,51,51,51,51,51,48103,Crane,2013,10826888.0,46241118,6105103,57225,29662.70685,10.826888,29.66270684931507,14,29.66270684931507,0.0,0.0,138665422.0,6.105103
52,52,52,52,52,52,52,52,52,52,52,52,52,52,52,52,52,52,52,52,52,48105,Crockett,2013,8678784.0,21024471,63193789,228109,23777.49041,8.678784,23.777490410958904,41,23.777490410958904,0.0,0.0,68173528.0,63.193789
53,53,53,53,53,53,53,53,53,53,53,53,53,53,53,53,53,53,53,53,53,48107,Crosby,2013,1102030.0,122640,0,0,3019.2602739999998,1.1020299999999998,3.019260273972603,31,3.019260273972603,0.0,0.0,9697282.0,0.0
54,54,54,54,54,54,54,54,54,54,54,54,54,54,54,54,54,54,54,54,54,48109,Culberson,2013,765343.0,1659161,30197320,2788064,2096.830137,0.765343,2.096830136986301,7,2.096830136986301,0.0,0.0,3607250.0,30.19732
55,55,55,55,55,55,55,55,55,55,55,55,55,55,55,55,55,55,55,55,55,48111,Dallam,2013,0.0,0,0,0,0.0,0.0,0.0,0,0.0,0.0,0.0,0.0,0.0
56,56,56,56,56,56,56,56,56,56,56,56,56,56,56,56,56,56,56,56,56,48113,Dallas,2013,0.0,0,6968277,0,0.0,0.0,0.0,0,0.0,0.0,0.0,0.0,6.9682770000000005
57,57,57,57,57,57,57,57,57,57,57,57,57,57,57,57,57,57,57,57,57,48115,Dawson,2013,4174390.0,2210789,0,0,11436.68493,4.17439,11.43668493150685,8,11.43668493150685,0.0,0.0,64884142.0,0.0
58,58,58,58,58,58,58,58,58,58,58,58,58,58,58,58,58,58,58,58,58,48117,Deaf Smith,2013,0.0,0,0,0,0.0,0.0,0.0,0,0.0,0.0,0.0,0.0,0.0
59,59,59,59,59,59,59,59,59,59,59,59,59,59,59,59,59,59,59,59,59,48119,Delta,2013,0.0,0,0,0,0.0,0.0,0.0,0,0.0,0.0,0.0,0.0,0.0
60,60,60,60,60,60,60,60,60,60,60,60,60,60,60,60,60,60,60,60,60,48121,Denton,2013,36466.0,624609,228594064,416334,99.90684932,0.036466000000000005,0.09990684931506848,18,0.09990684931506848,0.0,0.0,486664.0,228.594064
61,61,61,61,61,61,61,61,61,61,61,61,61,61,61,61,61,61,61,61,61,48123,DeWitt,2013,31220304.0,68191384,151234798,19064143,85535.07945,31.220304,85.5350794520548,88,85.5350794520548,0.0,0.0,70140031.0,151.234798
62,62,62,62,62,62,62,62,62,62,62,62,62,62,62,62,62,62,62,62,62,48125,Dickens,2013,679240.0,4580,0,0,1860.931507,0.67924,1.8609315068493149,-13,1.8609315068493149,0.0,0.0,16009602.0,0.0
63,63,63,63,63,63,63,63,63,63,63,63,63,63,63,63,63,63,63,63,63,48127,Dimmit,2013,24000865.0,44411391,166559821,21111239,65755.79452000001,24.000865,65.75579452054795,102,65.75579452054795,0.0,0.0,60442178.0,166.559821
64,64,64,64,64,64,64,64,64,64,64,64,64,64,64,64,64,64,64,64,64,48129,Donley,2013,0.0,0,11406,163,0.0,0.0,0.0,0,0.0,0.0,0.0,0.0,0.011406
65,65,65,65,65,65,65,65,65,65,65,65,65,65,65,65,65,65,65,65,65,48131,Duval,2013,1045819.0,228814,17733846,86435,2865.257534,1.045819,2.865257534246575,18,2.865257534246575,0.0,0.0,14836726.0,17.733846
66,66,66,66,66,66,66,66,66,66,66,66,66,66,66,66,66,66,66,66,66,48133,Eastland,2013,222044.0,759332,2623621,35943,608.3397259999998,0.222044,0.6083397260273973,-7,0.6083397260273973,0.0,0.0,3781604.0,2.623621
67,67,67,67,67,67,67,67,67,67,67,67,67,67,67,67,67,67,67,67,67,48135,Ector,2013,28962088.0,58987050,4428666,35202,79348.1863,28.962088,79.34818630136986,11,79.34818630136986,0.0,0.0,304186656.0,4.4286660000000015
68,68,68,68,68,68,68,68,68,68,68,68,68,68,68,68,68,68,68,68,68,48137,Edwards,2013,2424.0,7196,8597280,412,6.64109589,0.002424,0.006641095890410959,-68,0.006641095890410959,0.0,0.0,69867.0,8.59728
69,69,69,69,69,69,69,69,69,69,69,69,69,69,69,69,69,69,69,69,69,48139,Ellis,2013,392.0,0,6188362,0,1.073972603,0.000392,0.001073972602739726,-26,0.001073972602739726,0.0,0.0,8749.0,6.1883620000000015
70,70,70,70,70,70,70,70,70,70,70,70,70,70,70,70,70,70,70,70,70,48141,El Paso ,2013,0.0,0,0,0,0.0,0.0,0.0,0,0.0,0.0,0.0,0.0,0.0
71,71,71,71,71,71,71,71,71,71,71,71,71,71,71,71,71,71,71,71,71,48143,Erath,2013,1519.0,5935,5063400,8254,4.1616438360000005,0.001519,0.004161643835616439,-23,0.004161643835616439,1.0,1.0,36743.0,5.0634
72,72,72,72,72,72,72,72,72,72,72,72,72,72,72,72,72,72,72,72,72,48145,Falls,2013,5650.0,0,0,0,15.47945205,0.00565,0.015479452054794519,-10,0.015479452054794519,0.0,0.0,58790.0,0.0
73,73,73,73,73,73,73,73,73,73,73,73,73,73,73,73,73,73,73,73,73,48147,Fannin,2013,0.0,0,0,0,0.0,0.0,0.0,-100,0.0,0.0,0.0,100.0,0.0
74,74,74,74,74,74,74,74,74,74,74,74,74,74,74,74,74,74,74,74,74,48149,Fayette,2013,2853016.0,9304489,11153832,177661,7816.482192,2.853016,7.816482191780822,54,7.816482191780822,0.0,0.0,24618336.0,11.153832
75,75,75,75,75,75,75,75,75,75,75,75,75,75,75,75,75,75,75,75,75,48151,Fisher,2013,931418.0,1672399,73977,976,2551.830137,0.931418,2.551830136986301,12,2.551830136986301,0.0,0.0,10961916.0,0.073977
76,76,76,76,76,76,76,76,76,76,76,76,76,76,76,76,76,76,76,76,76,48153,Floyd,2013,885.0,0,0,0,2.424657534,0.0008849999999999998,0.002424657534246575,-43,0.002424657534246575,0.0,0.0,21545.0,0.0
77,77,77,77,77,77,77,77,77,77,77,77,77,77,77,77,77,77,77,77,77,48155,Foard,2013,109544.0,9912,144982,0,300.12054789999996,0.109544,0.3001205479452055,-9,0.3001205479452055,0.0,0.0,1737191.0,0.144982
78,78,78,78,78,78,78,78,78,78,78,78,78,78,78,78,78,78,78,78,78,48157,Fort Bend,2013,1620241.0,1063457,10395367,154750,4439.0164380000015,1.620241,4.439016438356164,0,4.439016438356164,0.0,0.0,24223822.0,10.395367
79,79,79,79,79,79,79,79,79,79,79,79,79,79,79,79,79,79,79,79,79,48159,Franklin,2013,653075.0,182375,1880317,33072,1789.246575,0.653075,1.7892465753424658,37,1.7892465753424658,0.0,0.0,5613384.0,1.880317
80,80,80,80,80,80,80,80,80,80,80,80,80,80,80,80,80,80,80,80,80,48161,Freestone,2013,46124.0,108321,174244140,78635,126.3671233,0.046124,0.12636712328767125,-29,0.12636712328767125,0.0,0.0,946117.0,174.24414
81,81,81,81,81,81,81,81,81,81,81,81,81,81,81,81,81,81,81,81,81,48163,Frio,2013,3782817.0,7568690,2477052,131375,10363.88219,3.782817,10.363882191780824,4,10.363882191780824,0.0,0.0,19382505.0,2.477052
82,82,82,82,82,82,82,82,82,82,82,82,82,82,82,82,82,82,82,82,82,48165,Gaines,2013,23718557.0,20234662,6710945,14271,64982.34795,23.718557,64.98234794520548,-4,64.98234794520548,0.0,0.0,390836797.0,6.710945
83,83,83,83,83,83,83,83,83,83,83,83,83,83,83,83,83,83,83,83,83,48167,Galveston,2013,390231.0,602280,4007946,127689,1069.126027,0.390231,1.0691260273972605,-14,1.0691260273972605,0.0,0.0,8765302.0,4.007946
84,84,84,84,84,84,84,84,84,84,84,84,84,84,84,84,84,84,84,84,84,48169,Garza,2013,2893139.0,514426,0,0,7926.408219,2.893139,7.9264082191780805,-3,7.92640821917808,0.0,0.0,55931988.0,0.0
85,85,85,85,85,85,85,85,85,85,85,85,85,85,85,85,85,85,85,85,85,48171,Gillespie,2013,0.0,0,0,0,0.0,0.0,0.0,0,0.0,0.0,0.0,0.0,0.0
86,86,86,86,86,86,86,86,86,86,86,86,86,86,86,86,86,86,86,86,86,48173,Glasscock,2013,19613737.0,73421949,988778,14579,53736.26575,19.613737,53.736265753424654,26,53.736265753424654,0.0,0.0,101537732.0,0.988778
87,87,87,87,87,87,87,87,87,87,87,87,87,87,87,87,87,87,87,87,87,48175,Goliad,2013,219843.0,314254,11029127,115580,602.309589,0.219843,0.6023095890410959,-17,0.6023095890410959,0.0,0.0,4213318.0,11.029127
88,88,88,88,88,88,88,88,88,88,88,88,88,88,88,88,88,88,88,88,88,48177,Gonzales,2013,42083612.0,52314935,496727,5855,115297.5671,42.083612,115.29756712328769,75,115.29756712328769,0.0,0.0,101934148.0,0.496727
89,89,89,89,89,89,89,89,89,89,89,89,89,89,89,89,89,89,89,89,89,48179,Gray,2013,1046358.0,2178791,6811390,627,2866.734247,1.046358,2.8667342465753425,-1,2.8667342465753425,0.0,0.0,18324779.0,6.8113899999999985
90,90,90,90,90,90,90,90,90,90,90,90,90,90,90,90,90,90,90,90,90,48181,Grayson,2013,1693361.0,4222793,2028677,17163,4639.345205,1.693361,4.639345205479452,-1,4.639345205479452,0.0,0.0,19582461.0,2.028677
91,91,91,91,91,91,91,91,91,91,91,91,91,91,91,91,91,91,91,91,91,48183,Gregg,2013,2245946.0,2618522,32543585,207951,6153.276712,2.245946,6.1532767123287675,0,6.153276712328768,0.0,0.0,41223173.0,32.543585
92,92,92,92,92,92,92,92,92,92,92,92,92,92,92,92,92,92,92,92,92,48185,Grimes,2013,1142610.0,4446316,10577274,76833,3130.4383559999997,1.14261,3.130438356164384,42,3.130438356164384,0.0,0.0,4622612.0,10.577274
93,93,93,93,93,93,93,93,93,93,93,93,93,93,93,93,93,93,93,93,93,48187,Guadalupe,2013,967651.0,30277,0,0,2651.09863,0.967651,2.6510986301369863,-2,2.6510986301369863,0.0,0.0,15179815.0,0.0
94,94,94,94,94,94,94,94,94,94,94,94,94,94,94,94,94,94,94,94,94,48189,Hale,2013,1703815.0,1118341,0,0,4667.986301,1.703815,4.667986301369863,-12,4.667986301369863,0.0,0.0,37756458.0,0.0
95,95,95,95,95,95,95,95,95,95,95,95,95,95,95,95,95,95,95,95,95,48191,Hall,2013,0.0,0,0,0,0.0,0.0,0.0,0,0.0,0.0,0.0,0.0,0.0
96,96,96,96,96,96,96,96,96,96,96,96,96,96,96,96,96,96,96,96,96,48193,Hamilton,2013,972.0,0,114841,463,2.663013699,0.000972,0.002663013698630137,18,0.002663013698630137,0.0,0.0,10755.0,0.114841
97,97,97,97,97,97,97,97,97,97,97,97,97,97,97,97,97,97,97,97,97,48195,Hansford,2013,203149.0,1130102,13282762,20585,556.5726027000002,0.203149,0.5565726027397261,-20,0.5565726027397261,0.0,0.0,2747614.0,13.282762
98,98,98,98,98,98,98,98,98,98,98,98,98,98,98,98,98,98,98,98,98,48197,Hardeman,2013,888689.0,749754,0,0,2434.764384,0.888689,2.434764383561644,-4,2.434764383561644,0.0,0.0,21180434.0,0.0
99,99,99,99,99,99,99,99,99,99,99,99,99,99,99,99,99,99,99,99,99,48199,Hardin,2013,1288824.0,2648514,8920892,537443,3531.024658,1.288824,3.5310246575342465,2,3.5310246575342465,0.0,0.0,17441228.0,8.920892
100,100,100,100,100,100,100,100,100,100,100,100,100,100,100,100,100,100,100,100,100,48201,Harris,2013,1204493.0,669589,15931465,239830,3299.980822,1.204493,3.299980821917808,-1,3.299980821917808,0.0,0.0,21287971.0,15.931465
101,101,101,101,101,101,101,101,101,101,101,101,101,101,101,101,101,101,101,101,101,48203,Harrison,2013,330599.0,1522201,137641479,724312,905.7506848999999,0.330599,0.9057506849315068,0,0.9057506849315068,0.0,0.0,5769714.0,137.641479
102,102,102,102,102,102,102,102,102,102,102,102,102,102,102,102,102,102,102,102,102,48205,Hartley,2013,356434.0,45388,1533368,0,976.5315068,0.35643400000000003,0.9765315068493152,9,0.9765315068493152,0.0,0.0,3958945.0,1.533368
103,103,103,103,103,103,103,103,103,103,103,103,103,103,103,103,103,103,103,103,103,48207,Haskell,2013,519304.0,146803,0,0,1422.750685,0.519304,1.4227506849315068,12,1.4227506849315068,0.0,0.0,5874697.0,0.0
104,104,104,104,104,104,104,104,104,104,104,104,104,104,104,104,104,104,104,104,104,48209,Hays,2013,0.0,0,0,0,0.0,0.0,0.0,0,0.0,0.0,0.0,0.0,0.0
105,105,105,105,105,105,105,105,105,105,105,105,105,105,105,105,105,105,105,105,105,48211,Hemphill,2013,1311726.0,6103293,166414216,3435181,3593.7698630000004,1.311726,3.5937698630136987,69,3.5937698630136987,0.0,0.0,5314664.0,166.41421599999995
106,106,106,106,106,106,106,106,106,106,106,106,106,106,106,106,106,106,106,106,106,48213,Henderson,2013,231403.0,4467677,11467021,30793,633.9808218999998,0.23140300000000005,0.6339808219178082,2,0.6339808219178082,0.0,0.0,7608522.0,11.467021
107,107,107,107,107,107,107,107,107,107,107,107,107,107,107,107,107,107,107,107,107,48215,Hidalgo,2013,27107.0,33970,99642584,1447230,74.26575342,0.027107,0.07426575342465754,29,0.07426575342465754,0.0,0.0,822908.0,99.642584
108,108,108,108,108,108,108,108,108,108,108,108,108,108,108,108,108,108,108,108,108,48217,Hill,2013,44.0,0,15732790,1,0.120547945,4.4e-05,0.00012054794520547945,-93,0.00012054794520547945,0.0,0.0,8026.0,15.73279
109,109,109,109,109,109,109,109,109,109,109,109,109,109,109,109,109,109,109,109,109,48219,Hockley,2013,14908847.0,9065876,55069,1849,40846.15616000001,14.908847,40.84615616438357,-3,40.84615616438357,0.0,0.0,266355287.0,0.055069000000000014
110,110,110,110,110,110,110,110,110,110,110,110,110,110,110,110,110,110,110,110,110,48221,Hood,2013,269.0,14649,50445039,164670,0.736986301,0.000269,0.000736986301369863,715,0.000736986301369863,0.0,0.0,5645.0,50.445039
111,111,111,111,111,111,111,111,111,111,111,111,111,111,111,111,111,111,111,111,111,48223,Hopkins,2013,227099.0,121454,184186,1180,622.1890411,0.227099,0.6221890410958905,-12,0.6221890410958905,0.0,0.0,4103644.0,0.184186
112,112,112,112,112,112,112,112,112,112,112,112,112,112,112,112,112,112,112,112,112,48225,Houston,2013,1015350.0,961940,8814330,737284,2781.7808219999997,1.01535,2.7817808219178084,3,2.7817808219178084,0.0,0.0,11034896.0,8.81433
113,113,113,113,113,113,113,113,113,113,113,113,113,113,113,113,113,113,113,113,113,48227,Howard,2013,11879945.0,27976970,319438,7266,32547.79452,11.879945,32.547794520547946,20,32.547794520547946,0.0,0.0,103058186.0,0.319438
114,114,114,114,114,114,114,114,114,114,114,114,114,114,114,114,114,114,114,114,114,48229,Hudspeth,2013,0.0,0,0,0,0.0,0.0,0.0,0,0.0,0.0,0.0,0.0,0.0
115,115,115,115,115,115,115,115,115,115,115,115,115,115,115,115,115,115,115,115,115,48231,Hunt,2013,123.0,0,0,0,0.336986301,0.000123,0.00033698630136986304,0,0.00033698630136986304,0.0,0.0,152.0,0.0
116,116,116,116,116,116,116,116,116,116,116,116,116,116,116,116,116,116,116,116,116,48233,Hutchinson,2013,695804.0,3905967,6413237,33335,1906.3123289999999,0.695804,1.9063123287671235,-6,1.9063123287671235,0.0,0.0,12023059.0,6.4132370000000005
117,117,117,117,117,117,117,117,117,117,117,117,117,117,117,117,117,117,117,117,117,48235,Irion,2013,11108974.0,44221748,2405819,33402,30435.545210000004,11.108974,30.43554520547945,74,30.43554520547945,0.0,0.0,45104345.0,2.405819
118,118,118,118,118,118,118,118,118,118,118,118,118,118,118,118,118,118,118,118,118,48237,Jack,2013,1403868.0,15862100,11949443,139756,3846.2136990000004,1.403868,3.846213698630137,-6,3.846213698630137,0.0,0.0,12205292.0,11.949443
119,119,119,119,119,119,119,119,119,119,119,119,119,119,119,119,119,119,119,119,119,48239,Jackson,2013,722269.0,973383,6311574,258714,1978.8191780000002,0.7222689999999999,1.978819178082192,9,1.978819178082192,0.0,0.0,11406378.0,6.311574
120,120,120,120,120,120,120,120,120,120,120,120,120,120,120,120,120,120,120,120,120,48241,Jasper,2013,184039.0,330104,13292057,978796,504.21643839999996,0.184039,0.5042164383561644,-13,0.5042164383561644,0.0,0.0,3471125.0,13.292057000000002
121,121,121,121,121,121,121,121,121,121,121,121,121,121,121,121,121,121,121,121,121,48243,Jeff Davis,2013,0.0,0,0,0,0.0,0.0,0.0,0,0.0,0.0,0.0,0.0,0.0
122,122,122,122,122,122,122,122,122,122,122,122,122,122,122,122,122,122,122,122,122,48245,Jefferson,2013,1203399.0,1197068,27064531,1392768,3296.983562,1.203399,3.2969835616438354,46,3.2969835616438354,0.0,0.0,12540741.0,27.064531
123,123,123,123,123,123,123,123,123,123,123,123,123,123,123,123,123,123,123,123,123,48247,Jim Hogg,2013,31267.0,9884,7736414,61079,85.6630137,0.031267,0.08566301369863014,9,0.08566301369863014,0.0,0.0,714892.0,7.736414
124,124,124,124,124,124,124,124,124,124,124,124,124,124,124,124,124,124,124,124,124,48249,Jim Wells,2013,126650.0,265343,4058019,20461,346.9863014,0.12665,0.346986301369863,15,0.346986301369863,0.0,0.0,2011174.0,4.058019
125,125,125,125,125,125,125,125,125,125,125,125,125,125,125,125,125,125,125,125,125,48251,Johnson,2013,0.0,0,391423661,22688,0.0,0.0,0.0,0,0.0,0.0,0.0,0.0,391.423661
126,126,126,126,126,126,126,126,126,126,126,126,126,126,126,126,126,126,126,126,126,48253,Jones,2013,692621.0,338965,37881,138,1897.5917809999999,0.692621,1.8975917808219176,-1,1.8975917808219176,0.0,0.0,10708269.0,0.037881
127,127,127,127,127,127,127,127,127,127,127,127,127,127,127,127,127,127,127,127,127,48255,Karnes,2013,60848318.0,83617626,109062858,18093961,166707.7205,60.848318000000006,166.7077205479452,52,166.7077205479452,0.0,0.0,156148889.0,109.062858
128,128,128,128,128,128,128,128,128,128,128,128,128,128,128,128,128,128,128,128,128,48257,Kaufman,2013,97333.0,43233,0,0,266.66575339999997,0.097333,0.26666575342465754,0,0.26666575342465754,0.0,0.0,1065696.0,0.0
129,129,129,129,129,129,129,129,129,129,129,129,129,129,129,129,129,129,129,129,129,48259,Kendall,2013,0.0,0,0,0,0.0,0.0,0.0,0,0.0,0.0,0.0,0.0,0.0
130,130,130,130,130,130,130,130,130,130,130,130,130,130,130,130,130,130,130,130,130,48261,Kenedy,2013,77463.0,276988,20405743,91381,212.22739730000004,0.077463,0.21222739726027398,27,0.212227397260274,0.0,0.0,1572220.0,20.405743
131,131,131,131,131,131,131,131,131,131,131,131,131,131,131,131,131,131,131,131,131,48263,Kent,2013,3946110.0,6694675,0,0,10811.26027,3.94611,10.811260273972604,-4,10.811260273972604,0.0,0.0,70992631.0,0.0
132,132,132,132,132,132,132,132,132,132,132,132,132,132,132,132,132,132,132,132,132,48265,Kerr,2013,0.0,0,0,0,0.0,0.0,0.0,0,0.0,0.0,0.0,1791.0,0.0
133,133,133,133,133,133,133,133,133,133,133,133,133,133,133,133,133,133,133,133,133,48267,Kimble,2013,382.0,0,34948,0,1.0465753420000001,0.000382,0.0010465753424657533,32,0.0010465753424657533,0.0,0.0,5791.0,0.034948
134,134,134,134,134,134,134,134,134,134,134,134,134,134,134,134,134,134,134,134,134,48269,King,2013,1301635.0,197356,368174,2024,3566.1232880000002,1.301635,3.5661232876712328,-5,3.5661232876712328,0.0,0.0,28875496.0,0.368174
135,135,135,135,135,135,135,135,135,135,135,135,135,135,135,135,135,135,135,135,135,48271,Kinney,2013,0.0,0,0,0,0.0,0.0,0.0,0,0.0,0.0,0.0,0.0,0.0
136,136,136,136,136,136,136,136,136,136,136,136,136,136,136,136,136,136,136,136,136,48273,Kleberg,2013,251151.0,837911,14797135,189181,688.0849315,0.251151,0.6880849315068494,-31,0.6880849315068494,0.0,0.0,2139669.0,14.797135
137,137,137,137,137,137,137,137,137,137,137,137,137,137,137,137,137,137,137,137,137,48275,Knox,2013,281960.0,94571,0,0,772.4931507,0.28196,0.7724931506849315,39,0.7724931506849315,0.0,0.0,3535828.0,0.0
138,138,138,138,138,138,138,138,138,138,138,138,138,138,138,138,138,138,138,138,138,48277,La Salle,2013,45126546.0,82880931,131010845,5055938,123634.3726,45.12654600000001,123.63437260273972,104,123.63437260273972,0.0,0.0,97006347.0,131.010845
139,139,139,139,139,139,139,139,139,139,139,139,139,139,139,139,139,139,139,139,139,48279,Lamar,2013,0.0,0,0,0,0.0,0.0,0.0,0,0.0,0.0,0.0,0.0,0.0
140,140,140,140,140,140,140,140,140,140,140,140,140,140,140,140,140,140,140,140,140,48281,Lamb,2013,336539.0,179918,0,0,922.0246574999999,0.336539,0.9220246575342466,-12,0.9220246575342466,0.0,0.0,10087506.0,0.0
141,141,141,141,141,141,141,141,141,141,141,141,141,141,141,141,141,141,141,141,141,48283,Lampasas,2013,0.0,0,6922,0,0.0,0.0,0.0,0,0.0,0.0,0.0,0.0,0.006922
142,142,142,142,142,142,142,142,142,142,142,142,142,142,142,142,142,142,142,142,142,48285,Lavaca,2013,3999311.0,5307829,26485990,367821,10957.016440000001,3.999311,10.957016438356163,131,10.957016438356163,0.0,0.0,9486587.0,26.48599
143,143,143,143,143,143,143,143,143,143,143,143,143,143,143,143,143,143,143,143,143,48287,Lee,2013,1169992.0,6320056,1179734,24852,3205.457534,1.169992,3.2054575342465754,-3,3.2054575342465754,0.0,0.0,20032974.0,1.179734
144,144,144,144,144,144,144,144,144,144,144,144,144,144,144,144,144,144,144,144,144,48289,Leon,2013,2716139.0,2350178,77449244,68935,7441.476712000002,2.716139,7.441476712328768,49,7.441476712328768,0.0,0.0,15547439.0,77.449244
145,145,145,145,145,145,145,145,145,145,145,145,145,145,145,145,145,145,145,145,145,48291,Liberty,2013,1258959.0,1106529,19939537,653488,3449.2027399999997,1.258959,3.4492027397260268,3,3.4492027397260268,0.0,0.0,21119990.0,19.939537
146,146,146,146,146,146,146,146,146,146,146,146,146,146,146,146,146,146,146,146,146,48293,Limestone,2013,82423.0,1812,61608981,46898,225.8164384,0.082423,0.2258164383561644,-2,0.2258164383561644,0.0,0.0,1322326.0,61.60898100000001
147,147,147,147,147,147,147,147,147,147,147,147,147,147,147,147,147,147,147,147,147,48295,Lipscomb,2013,2541134.0,23375912,55673033,2711028,6962.010959,2.541134,6.962010958904108,-19,6.9620109589041075,0.0,0.0,18302120.0,55.673033
148,148,148,148,148,148,148,148,148,148,148,148,148,148,148,148,148,148,148,148,148,48297,Live Oak,2013,8876470.0,19637099,79338115,6864348,24319.09589,8.87647,24.319095890410967,39,24.319095890410967,0.0,0.0,29858680.0,79.338115
149,149,149,149,149,149,149,149,149,149,149,149,149,149,149,149,149,149,149,149,149,48299,Llano,2013,0.0,0,0,0,0.0,0.0,0.0,0,0.0,0.0,0.0,0.0,0.0
150,150,150,150,150,150,150,150,150,150,150,150,150,150,150,150,150,150,150,150,150,48301,Loving,2013,5952348.0,15538312,54110258,2329001,16307.802740000001,5.9523480000000015,16.30780273972603,30,16.30780273972603,0.0,0.0,29637559.0,54.110258
151,151,151,151,151,151,151,151,151,151,151,151,151,151,151,151,151,151,151,151,151,48303,Lubbock,2013,1379997.0,62388,0,0,3780.8136990000003,1.379997,3.780813698630137,-3,3.780813698630137,0.0,0.0,21535900.0,0.0
152,152,152,152,152,152,152,152,152,152,152,152,152,152,152,152,152,152,152,152,152,48305,Lynn,2013,710625.0,288618,0,0,1946.917808,0.710625,1.9469178082191785,17,1.9469178082191785,0.0,0.0,4547730.0,0.0
153,153,153,153,153,153,153,153,153,153,153,153,153,153,153,153,153,153,153,153,153,48307,Mcculloch,2013,47440.0,0,0,0,129.9726027,0.04744,0.12997260273972602,-2,0.12997260273972602,0.0,0.0,1164220.0,0.0
154,154,154,154,154,154,154,154,154,154,154,154,154,154,154,154,154,154,154,154,154,48309,Mclennan,2013,821.0,0,0,0,2.249315068,0.0008210000000000001,0.0022493150684931512,-40,0.0022493150684931512,0.0,0.0,19885.0,0.0
155,155,155,155,155,155,155,155,155,155,155,155,155,155,155,155,155,155,155,155,155,48311,Mcmullen,2013,28014812.0,37077690,88960863,4053742,76752.90959,28.014812,76.7529095890411,111,76.7529095890411,0.0,0.0,69645082.0,88.960863
156,156,156,156,156,156,156,156,156,156,156,156,156,156,156,156,156,156,156,156,156,48313,Madison,2013,4405384.0,7887603,3897984,282626,12069.54521,4.405384,12.069545205479452,43,12.069545205479452,0.0,0.0,16951913.0,3.897984
157,157,157,157,157,157,157,157,157,157,157,157,157,157,157,157,157,157,157,157,157,48315,Marion,2013,115553.0,123572,2321202,44181,316.58356160000005,0.115553,0.3165835616438356,2,0.3165835616438356,0.0,0.0,1728907.0,2.321202
158,158,158,158,158,158,158,158,158,158,158,158,158,158,158,158,158,158,158,158,158,48317,Martin,2013,27883649.0,52627316,14295,207,76393.5589,27.883649,76.39355890410957,20,76.39355890410957,0.0,0.0,152544773.0,0.014295
159,159,159,159,159,159,159,159,159,159,159,159,159,159,159,159,159,159,159,159,159,48319,Mason,2013,0.0,0,0,0,0.0,0.0,0.0,0,0.0,0.0,0.0,0.0,0.0
160,160,160,160,160,160,160,160,160,160,160,160,160,160,160,160,160,160,160,160,160,48321,Matagorda,2013,280184.0,514863,19718776,388661,767.6273973,0.280184,0.767627397260274,-15,0.767627397260274,0.0,0.0,7723886.0,19.718776
161,161,161,161,161,161,161,161,161,161,161,161,161,161,161,161,161,161,161,161,161,48323,Maverick,2013,914398.0,276235,3489799,215245,2505.2,0.914398,2.5052,1,2.5052,0.0,0.0,16877365.0,3.489799
162,162,162,162,162,162,162,162,162,162,162,162,162,162,162,162,162,162,162,162,162,48325,Medina,2013,150997.0,3141,52133,0,413.690411,0.150997,0.4136904109589041,16,0.4136904109589041,0.0,0.0,1385185.0,0.052133000000000006
163,163,163,163,163,163,163,163,163,163,163,163,163,163,163,163,163,163,163,163,163,48327,Menard,2013,192214.0,21010,131613,103,526.6136986,0.192214,0.526613698630137,-16,0.526613698630137,0.0,0.0,2153778.0,0.131613
164,164,164,164,164,164,164,164,164,164,164,164,164,164,164,164,164,164,164,164,164,48329,Midland,2013,24568589.0,66607682,7072266,165813,67311.20274,24.56858900000001,67.31120273972603,8,67.31120273972603,0.0,0.0,198779980.0,7.072266
165,165,165,165,165,165,165,165,165,165,165,165,165,165,165,165,165,165,165,165,165,48331,Milam,2013,708576.0,329492,58745,520,1941.30411,0.708576,1.9413041095890409,6,1.9413041095890409,0.0,0.0,8293059.0,0.05874500000000001
166,166,166,166,166,166,166,166,166,166,166,166,166,166,166,166,166,166,166,166,166,48333,Mills,2013,0.0,0,4244,0,0.0,0.0,0.0,0,0.0,0.0,0.0,0.0,0.004244
167,167,167,167,167,167,167,167,167,167,167,167,167,167,167,167,167,167,167,167,167,48335,Mitchell,2013,4198418.0,633296,0,0,11502.51507,4.198418,11.502515068493151,0,11.502515068493151,0.0,0.0,48337147.0,0.0
168,168,168,168,168,168,168,168,168,168,168,168,168,168,168,168,168,168,168,168,168,48337,Montague,2013,2742748.0,5713062,72914918,3065369,7514.378081999997,2.742748,7.514378082191781,43,7.514378082191781,0.0,0.0,23173813.0,72.914918
169,169,169,169,169,169,169,169,169,169,169,169,169,169,169,169,169,169,169,169,169,48339,Montgomery,2013,990246.0,2147732,4672171,41076,2713.00274,0.990246,2.7130027397260275,-1,2.7130027397260275,0.0,0.0,13240786.0,4.672171
170,170,170,170,170,170,170,170,170,170,170,170,170,170,170,170,170,170,170,170,170,48341,Moore,2013,283320.0,1782435,27831693,8398,776.2191781,0.28332,0.7762191780821918,-5,0.7762191780821918,0.0,0.0,4020817.0,27.831693
171,171,171,171,171,171,171,171,171,171,171,171,171,171,171,171,171,171,171,171,171,48343,Morris,2013,1292.0,0,0,0,3.539726027,0.001292,0.0035397260273972602,-6,0.0035397260273972602,1.0,1.0,17413.0,0.0
172,172,172,172,172,172,172,172,172,172,172,172,172,172,172,172,172,172,172,172,172,48345,Motley,2013,18658.0,217,0,0,51.11780822,0.018658,0.05111780821917808,-20,0.05111780821917808,0.0,0.0,560922.0,0.0
173,173,173,173,173,173,173,173,173,173,173,173,173,173,173,173,173,173,173,173,173,48347,Nacogdoches,2013,4010.0,73005,127496937,140121,10.98630137,0.0040100000000000005,0.010986301369863014,-15,0.010986301369863014,0.0,0.0,81734.0,127.49693700000002
174,174,174,174,174,174,174,174,174,174,174,174,174,174,174,174,174,174,174,174,174,48349,Navarro,2013,306541.0,408647,455900,17260,839.8383562000001,0.306541,0.8398383561643835,-7,0.8398383561643835,0.0,0.0,4617817.0,0.4559
175,175,175,175,175,175,175,175,175,175,175,175,175,175,175,175,175,175,175,175,175,48351,Newton,2013,496802.0,1271721,5649357,368736,1361.1013699999999,0.496802,1.3611013698630137,-1,1.3611013698630137,0.0,0.0,9005519.0,5.649357
176,176,176,176,176,176,176,176,176,176,176,176,176,176,176,176,176,176,176,176,176,48353,Nolan,2013,1799142.0,2869280,422601,3636,4929.156164,1.7991419999999998,4.929156164383562,4,4.929156164383562,0.0,0.0,21163527.0,0.422601
177,177,177,177,177,177,177,177,177,177,177,177,177,177,177,177,177,177,177,177,177,48355,Nueces,2013,393634.0,885243,16736512,402761,1078.449315,0.393634,1.0784493150684928,-9,1.0784493150684928,0.0,0.0,7361939.0,16.736512
178,178,178,178,178,178,178,178,178,178,178,178,178,178,178,178,178,178,178,178,178,48357,Ochiltree,2013,6841076.0,31854770,16931232,586655,18742.67397,6.8410759999999975,18.742673972602734,18,18.742673972602734,0.0,0.0,33696857.0,16.931232
179,179,179,179,179,179,179,179,179,179,179,179,179,179,179,179,179,179,179,179,179,48359,Oldham,2013,2046298.0,2940288,78263,84,5606.2958899999985,2.046298,5.6062958904109585,123,5.606295890410959,0.0,0.0,5290521.0,0.078263
180,180,180,180,180,180,180,180,180,180,180,180,180,180,180,180,180,180,180,180,180,48361,Orange,2013,574335.0,1289375,16017472,890897,1573.520548,0.574335,1.5735205479452057,-4,1.5735205479452057,0.0,0.0,6825958.0,16.017472
181,181,181,181,181,181,181,181,181,181,181,181,181,181,181,181,181,181,181,181,181,48363,Palo Pinto,2013,451034.0,5492536,12793204,102485,1235.709589,0.451034,1.2357095890410958,90,1.2357095890410958,0.0,0.0,3810860.0,12.793204
182,182,182,182,182,182,182,182,182,182,182,182,182,182,182,182,182,182,182,182,182,48365,Panola,2013,459108.0,3014366,334324486,1806961,1257.830137,0.459108,1.2578301369863014,0,1.2578301369863014,0.0,0.0,6104581.0,334.324486
183,183,183,183,183,183,183,183,183,183,183,183,183,183,183,183,183,183,183,183,183,48367,Parker,2013,5368.0,201412,114657219,235730,14.70684932,0.005368,0.014706849315068491,-4,0.014706849315068491,0.0,0.0,113979.0,114.657219
184,184,184,184,184,184,184,184,184,184,184,184,184,184,184,184,184,184,184,184,184,48369,Parmer,2013,0.0,0,0,0,0.0,0.0,0.0,0,0.0,0.0,0.0,0.0,0.0
185,185,185,185,185,185,185,185,185,185,185,185,185,185,185,185,185,185,185,185,185,48371,Pecos,2013,9669094.0,35128475,92353219,79605,26490.66849,9.669094,26.490668493150693,0,26.490668493150693,0.0,0.0,149596349.0,92.353219
186,186,186,186,186,186,186,186,186,186,186,186,186,186,186,186,186,186,186,186,186,48373,Polk,2013,686119.0,355299,25450532,898679,1879.778082,0.6861189999999999,1.8797780821917809,2,1.8797780821917809,0.0,0.0,7642302.0,25.450532
187,187,187,187,187,187,187,187,187,187,187,187,187,187,187,187,187,187,187,187,187,48375,Potter,2013,190362.0,250929,9196256,8344,521.539726,0.190362,0.5215397260273973,5,0.5215397260273973,0.0,0.0,2550673.0,9.196256
188,188,188,188,188,188,188,188,188,188,188,188,188,188,188,188,188,188,188,188,188,48377,Presidio,2013,0.0,0,0,0,0.0,0.0,0.0,0,0.0,0.0,0.0,85.0,0.0
189,189,189,189,189,189,189,189,189,189,189,189,189,189,189,189,189,189,189,189,189,48379,Rains,2013,0.0,0,2875821,0,0.0,0.0,0.0,0,0.0,0.0,0.0,0.0,2.875821
190,190,190,190,190,190,190,190,190,190,190,190,190,190,190,190,190,190,190,190,190,48381,Randall,2013,0.0,0,0,0,0.0,0.0,0.0,0,0.0,0.0,0.0,0.0,0.0
191,191,191,191,191,191,191,191,191,191,191,191,191,191,191,191,191,191,191,191,191,48383,Reagan,2013,15447979.0,59485919,1942826,23101,42323.23014,15.447979,42.323230136986304,35,42.323230136986304,0.0,0.0,101198150.0,1.942826
192,192,192,192,192,192,192,192,192,192,192,192,192,192,192,192,192,192,192,192,192,48385,Real,2013,353.0,454,47040,0,0.967123288,0.000353,0.0009671232876712328,-35,0.0009671232876712328,0.0,0.0,27460.0,0.04704
193,193,193,193,193,193,193,193,193,193,193,193,193,193,193,193,193,193,193,193,193,48387,Red River,2013,113466.0,250,0,0,310.8657534,0.113466,0.31086575342465755,4,0.31086575342465755,0.0,0.0,2574948.0,0.0
194,194,194,194,194,194,194,194,194,194,194,194,194,194,194,194,194,194,194,194,194,48389,Reeves,2013,10586475.0,20072556,29871866,1062838,29004.0411,10.586475,29.00404109589041,35,29.00404109589041,0.0,0.0,38324236.0,29.871866
195,195,195,195,195,195,195,195,195,195,195,195,195,195,195,195,195,195,195,195,195,48391,Refugio,2013,3337528.0,13725430,2908614,100206,9143.912329,3.337528,9.143912328767124,0,9.143912328767124,0.0,0.0,55212264.0,2.908614
196,196,196,196,196,196,196,196,196,196,196,196,196,196,196,196,196,196,196,196,196,48393,Roberts,2013,2545566.0,15189428,63655025,1333525,6974.153425,2.545566,6.974153424657534,44,6.974153424657534,0.0,0.0,11785823.0,63.655025
197,197,197,197,197,197,197,197,197,197,197,197,197,197,197,197,197,197,197,197,197,48395,Robertson,2013,2226080.0,1173260,134370510,7614,6098.8493149999995,2.22608,6.0988493150684935,38,6.0988493150684935,0.0,0.0,20998407.0,134.37051
198,198,198,198,198,198,198,198,198,198,198,198,198,198,198,198,198,198,198,198,198,48397,Rockwall,2013,0.0,0,0,0,0.0,0.0,0.0,0,0.0,0.0,0.0,0.0,0.0
199,199,199,199,199,199,199,199,199,199,199,199,199,199,199,199,199,199,199,199,199,48399,Runnels,2013,538630.0,1517921,330935,2678,1475.69863,0.53863,1.4756986301369863,5,1.4756986301369863,0.0,0.0,7962789.0,0.330935
200,200,200,200,200,200,200,200,200,200,200,200,200,200,200,200,200,200,200,200,200,48401,Rusk,2013,1936457.0,2438687,120465075,980678,5305.361644,1.936457,5.305361643835616,2,5.305361643835616,0.0,0.0,33018909.0,120.465075
201,201,201,201,201,201,201,201,201,201,201,201,201,201,201,201,201,201,201,201,201,48403,Sabine,2013,5677.0,29179,4033132,0,15.55342466,0.005677000000000001,0.015553424657534247,-20,0.015553424657534247,0.0,0.0,178823.0,4.033132
202,202,202,202,202,202,202,202,202,202,202,202,202,202,202,202,202,202,202,202,202,48405,San Augustine,2013,18347.0,313285,85558853,206034,50.26575342,0.018347,0.050265753424657535,-40,0.050265753424657535,0.0,0.0,342873.0,85.558853
203,203,203,203,203,203,203,203,203,203,203,203,203,203,203,203,203,203,203,203,203,48407,San Jacinto,2013,147722.0,341101,6257175,200391,404.7178082,0.147722,0.4047178082191781,4,0.4047178082191781,0.0,0.0,873593.0,6.257175
204,204,204,204,204,204,204,204,204,204,204,204,204,204,204,204,204,204,204,204,204,48409,San Patricio,2013,427999.0,787359,12499793,556012,1172.6,0.427999,1.1726,2,1.1726,0.0,0.0,6394751.0,12.499793
205,205,205,205,205,205,205,205,205,205,205,205,205,205,205,205,205,205,205,205,205,48411,San Saba,2013,0.0,0,0,0,0.0,0.0,0.0,0,0.0,0.0,0.0,0.0,0.0
206,206,206,206,206,206,206,206,206,206,206,206,206,206,206,206,206,206,206,206,206,48413,Schleicher,2013,489433.0,2598124,8501536,46092,1340.912329,0.489433,1.3409123287671232,12,1.3409123287671232,0.0,0.0,6007288.0,8.501536
207,207,207,207,207,207,207,207,207,207,207,207,207,207,207,207,207,207,207,207,207,48415,Scurry,2013,15600363.0,34424090,0,0,42740.72055,15.600363,42.740720547945216,3,42.740720547945216,0.0,0.0,187177574.0,0.0
208,208,208,208,208,208,208,208,208,208,208,208,208,208,208,208,208,208,208,208,208,48417,Shackelford,2013,613657.0,753893,1515380,9791,1681.2520550000006,0.613657,1.6812520547945204,-3,1.6812520547945204,0.0,0.0,10550420.0,1.51538
209,209,209,209,209,209,209,209,209,209,209,209,209,209,209,209,209,209,209,209,209,48419,Shelby,2013,58825.0,1257569,92599312,69731,161.16438359999995,0.058825,0.16116438356164384,-22,0.16116438356164384,0.0,0.0,1363620.0,92.599312
210,210,210,210,210,210,210,210,210,210,210,210,210,210,210,210,210,210,210,210,210,48421,Sherman,2013,62511.0,61801,17717810,4443,171.2630137,0.062511,0.17126301369863015,13,0.17126301369863015,0.0,0.0,1469617.0,17.71781
211,211,211,211,211,211,211,211,211,211,211,211,211,211,211,211,211,211,211,211,211,48423,Smith,2013,1305137.0,1141263,17770342,113195,3575.717808,1.305137,3.5757178082191783,0,3.5757178082191783,0.0,0.0,17224275.0,17.770342000000007
212,212,212,212,212,212,212,212,212,212,212,212,212,212,212,212,212,212,212,212,212,48425,Somervell,2013,0.0,0,6180923,6313,0.0,0.0,0.0,0,0.0,0.0,0.0,0.0,6.180923
213,213,213,213,213,213,213,213,213,213,213,213,213,213,213,213,213,213,213,213,213,48427,Starr,2013,409003.0,1004757,63372293,970430,1120.556164,0.409003,1.1205561643835615,16,1.1205561643835615,0.0,0.0,8677152.0,63.372293000000006
214,214,214,214,214,214,214,214,214,214,214,214,214,214,214,214,214,214,214,214,214,48429,Stephens,2013,2156902.0,3320973,10156047,47326,5909.320548,2.156902,5.909320547945206,2,5.909320547945206,0.0,0.0,32534420.0,10.156047
215,215,215,215,215,215,215,215,215,215,215,215,215,215,215,215,215,215,215,215,215,48431,Sterling,2013,1306545.0,7772919,3141825,23847,3579.575342,1.306545,3.5795753424657533,9,3.5795753424657533,0.0,0.0,15356125.0,3.141825
216,216,216,216,216,216,216,216,216,216,216,216,216,216,216,216,216,216,216,216,216,48433,Stonewall,2013,1820365.0,1411576,0,0,4987.30137,1.820365,4.9873013698630135,7,4.9873013698630135,0.0,0.0,18643527.0,0.0
217,217,217,217,217,217,217,217,217,217,217,217,217,217,217,217,217,217,217,217,217,48435,Sutton,2013,105493.0,86726,38276354,42922,289.0219178000001,0.105493,0.2890219178082192,-24,0.2890219178082192,0.0,0.0,580449.0,38.276354
218,218,218,218,218,218,218,218,218,218,218,218,218,218,218,218,218,218,218,218,218,48437,Swisher,2013,0.0,0,0,0,0.0,0.0,0.0,0,0.0,0.0,0.0,0.0,0.0
219,219,219,219,219,219,219,219,219,219,219,219,219,219,219,219,219,219,219,219,219,48439,Tarrant,2013,0.0,0,773009378,32597,0.0,0.0,0.0,0,0.0,0.0,0.0,0.0,773.009378
220,220,220,220,220,220,220,220,220,220,220,220,220,220,220,220,220,220,220,220,220,48441,Taylor,2013,417355.0,109279,46512,30,1143.438356,0.417355,1.1434383561643835,6,1.1434383561643835,0.0,0.0,7060471.0,0.046512
221,221,221,221,221,221,221,221,221,221,221,221,221,221,221,221,221,221,221,221,221,48443,Terrell,2013,4952.0,184323,34263352,55195,13.56712329,0.004952000000000001,0.013567123287671231,-45,0.013567123287671231,0.0,0.0,326482.0,34.263352000000005
222,222,222,222,222,222,222,222,222,222,222,222,222,222,222,222,222,222,222,222,222,48445,Terry,2013,4382473.0,839151,175026,2,12006.77534,4.382473,12.006775342465751,4,12.006775342465751,0.0,0.0,61479676.0,0.175026
223,223,223,223,223,223,223,223,223,223,223,223,223,223,223,223,223,223,223,223,223,48447,Throckmorton,2013,749735.0,1169156,180548,1647,2054.0684929999998,0.749735,2.0540684931506847,18,2.0540684931506847,0.0,0.0,11864640.0,0.180548
224,224,224,224,224,224,224,224,224,224,224,224,224,224,224,224,224,224,224,224,224,48449,Titus,2013,557125.0,1649,0,0,1526.3698630000001,0.557125,1.5263698630136986,19,1.5263698630136986,0.0,0.0,6902898.0,0.0
225,225,225,225,225,225,225,225,225,225,225,225,225,225,225,225,225,225,225,225,225,48451,Tom Green,2013,455675.0,1305787,1175168,9508,1248.424658,0.455675,1.2484246575342466,0,1.2484246575342466,0.0,0.0,7223798.0,1.175168
226,226,226,226,226,226,226,226,226,226,226,226,226,226,226,226,226,226,226,226,226,48453,Travis,2013,2999.0,0,0,0,8.216438356,0.002999,0.008216438356164384,-11,0.008216438356164384,0.0,0.0,31989.0,0.0
227,227,227,227,227,227,227,227,227,227,227,227,227,227,227,227,227,227,227,227,227,48455,Trinity,2013,48903.0,22970,249219,1790,133.9808219,0.048903,0.13398082191780822,-13,0.13398082191780822,0.0,0.0,833661.0,0.249219
228,228,228,228,228,228,228,228,228,228,228,228,228,228,228,228,228,228,228,228,228,48457,Tyler,2013,578216.0,646386,16941483,1584970,1584.153425,0.578216,1.5841534246575342,39,1.5841534246575342,0.0,0.0,4946486.0,16.941482999999998
229,229,229,229,229,229,229,229,229,229,229,229,229,229,229,229,229,229,229,229,229,48459,Upshur,2013,123306.0,38798,26720794,256233,337.8246575,0.123306,0.33782465753424656,-2,0.33782465753424656,0.0,0.0,2042675.0,26.720794
230,230,230,230,230,230,230,230,230,230,230,230,230,230,230,230,230,230,230,230,230,48461,Upton,2013,26217325.0,84625463,21100065,368281,71828.28767,26.217325,71.82828767123287,12,71.82828767123287,0.0,0.0,196848615.0,21.100065
231,231,231,231,231,231,231,231,231,231,231,231,231,231,231,231,231,231,231,231,231,48463,Uvalde,2013,0.0,0,0,0,0.0,0.0,0.0,0,0.0,0.0,0.0,0.0,0.0
232,232,232,232,232,232,232,232,232,232,232,232,232,232,232,232,232,232,232,232,232,48465,Val Verde,2013,1583.0,2666,6994984,11,4.3369863010000005,0.001583,0.004336986301369863,138,0.004336986301369863,1.0,1.0,14597.0,6.994984
233,233,233,233,233,233,233,233,233,233,233,233,233,233,233,233,233,233,233,233,233,48467,Van Zandt,2013,551882.0,254791,3968663,3673,1512.005479,0.551882,1.5120054794520548,8,1.5120054794520548,0.0,0.0,13404371.0,3.968663
234,234,234,234,234,234,234,234,234,234,234,234,234,234,234,234,234,234,234,234,234,48469,Victoria,2013,596793.0,626377,5298333,63639,1635.049315,0.596793,1.6350493150684933,11,1.6350493150684933,0.0,0.0,9228017.0,5.298333
235,235,235,235,235,235,235,235,235,235,235,235,235,235,235,235,235,235,235,235,235,48471,Walker,2013,72035.0,770692,1270931,11173,197.3561644,0.072035,0.19735616438356168,3134,0.19735616438356168,0.0,0.0,105473.0,1.270931
236,236,236,236,236,236,236,236,236,236,236,236,236,236,236,236,236,236,236,236,236,48473,Waller,2013,394332.0,46555,3172246,26233,1080.3616439999996,0.394332,1.0803616438356165,-12,1.0803616438356165,0.0,0.0,11987077.0,3.172246
237,237,237,237,237,237,237,237,237,237,237,237,237,237,237,237,237,237,237,237,237,48475,Ward,2013,23093371.0,43683695,18615025,245637,63269.509589999994,23.093371,63.26950958904109,17,63.26950958904109,0.0,0.0,133916963.0,18.615025
238,238,238,238,238,238,238,238,238,238,238,238,238,238,238,238,238,238,238,238,238,48477,Washington,2013,490443.0,2830809,10764014,104042,1343.6794519999999,0.490443,1.3436794520547946,70,1.3436794520547946,0.0,0.0,5943425.0,10.764014
239,239,239,239,239,239,239,239,239,239,239,239,239,239,239,239,239,239,239,239,239,48479,Webb,2013,289064.0,546052,597900854,16608820,791.9561643999997,0.289064,0.7919561643835616,65,0.7919561643835616,0.0,0.0,2321977.0,597.900854
240,240,240,240,240,240,240,240,240,240,240,240,240,240,240,240,240,240,240,240,240,48481,Wharton,2013,1320288.0,1072565,23184926,427168,3617.2273969999997,1.320288,3.6172273972602738,14,3.6172273972602738,0.0,0.0,16670429.0,23.184926
241,241,241,241,241,241,241,241,241,241,241,241,241,241,241,241,241,241,241,241,241,48483,Wheeler,2013,5280196.0,21379222,259282472,10946390,14466.29041,5.280196,14.466290410958905,-1,14.466290410958905,0.0,0.0,23434613.0,259.28247200000004
242,242,242,242,242,242,242,242,242,242,242,242,242,242,242,242,242,242,242,242,242,48485,Wichita,2013,2085897.0,284171,0,0,5714.786301,2.085897,5.714786301369863,-4,5.7147863013698625,0.0,0.0,30265805.0,0.0
243,243,243,243,243,243,243,243,243,243,243,243,243,243,243,243,243,243,243,243,243,48487,Wilbarger,2013,821668.0,75215,1256,0,2251.1452050000007,0.8216680000000001,2.251145205479452,8,2.251145205479452,0.0,0.0,9901493.0,0.001256
244,244,244,244,244,244,244,244,244,244,244,244,244,244,244,244,244,244,244,244,244,48489,Willacy,2013,292575.0,191656,8279270,115300,801.5753425,0.292575,0.8015753424657535,-4,0.8015753424657535,0.0,0.0,6043707.0,8.27927
245,245,245,245,245,245,245,245,245,245,245,245,245,245,245,245,245,245,245,245,245,48491,Williamson,2013,11335.0,0,0,0,31.05479452,0.011335,0.031054794520547945,47,0.031054794520547945,0.0,0.0,131177.0,0.0
246,246,246,246,246,246,246,246,246,246,246,246,246,246,246,246,246,246,246,246,246,48493,Wilson,2013,3918627.0,1538508,13140,159,10735.96438,3.918627,10.735964383561644,50,10.735964383561644,0.0,0.0,13605510.0,0.01314
247,247,247,247,247,247,247,247,247,247,247,247,247,247,247,247,247,247,247,247,247,48495,Winkler,2013,4419058.0,11356271,15764568,50357,12107.00822,4.4190580000000015,12.107008219178082,19,12.107008219178082,0.0,0.0,54599197.0,15.764568
248,248,248,248,248,248,248,248,248,248,248,248,248,248,248,248,248,248,248,248,248,48497,Wise,2013,322264.0,4848974,267678604,1210707,882.9150685000003,0.322264,0.8829150684931507,17,0.8829150684931507,0.0,0.0,5385422.0,267.678604
249,249,249,249,249,249,249,249,249,249,249,249,249,249,249,249,249,249,249,249,249,48499,Wood,2013,3459276.0,46323573,6657115,27150,9477.468493,3.459276,9.477468493150683,0,9.477468493150683,0.0,0.0,61917533.0,6.657114999999999
250,250,250,250,250,250,250,250,250,250,250,250,250,250,250,250,250,250,250,250,250,48501,Yoakum,2013,21808866.0,25195297,336724,0,59750.31781,21.808866,59.75031780821917,2,59.75031780821917,0.0,0.0,332545563.0,0.336724
251,251,251,251,251,251,251,251,251,251,251,251,251,251,251,251,251,251,251,251,251,48503,Young,2013,1244601.0,1419479,1270571,25477,3409.865753,1.244601,3.4098657534246577,0,3.4098657534246577,0.0,0.0,18797752.0,1.270571
252,252,252,252,252,252,252,252,252,252,252,252,252,252,252,252,252,252,252,252,252,48505,Zapata,2013,102736.0,79354,122351182,96273,281.4684932,0.102736,0.2814684931506849,158,0.2814684931506849,0.0,0.0,597200.0,122.351182
253,253,253,253,253,253,253,253,253,253,253,253,253,253,253,253,253,253,253,253,253,48507,Zavala,2013,5227930.0,3384957,477178,391,14323.09589,5.2279300000000015,14.323095890410961,64,14.323095890410961,0.0,0.0,18361921.0,0.477178
